Federación;Clubs deportivos federados;periodo;Total
TOTAL;Nº de clubs;2024;78.690
TOTAL;Nº de clubs;2023;77.144
TOTAL;Nº de clubs;2022;76.502
TOTAL;Nº de clubs;2021;76.214
TOTAL;Nº de clubs;2020;74.459
TOTAL;Nº de clubs;2019;75.455
TOTAL;Nº de clubs;2018;78.691
TOTAL;Nº de clubs;2017;67.030
TOTAL;Nº de clubs;2016;66.004
TOTAL;Nº de clubs;2015;65.711
TOTAL;Nº de clubs;2014;65.005
TOTAL;Nº de clubs;2013;62.363
TOTAL;Nº de clubs;2012;62.346
TOTAL;Nº de clubs;2011;60.262
TOTAL;Nº de clubs;2010;59.531
TOTAL;Nº de clubs;2009;58.342
TOTAL;Nº de clubs;2008;57.752
TOTAL;Nº de clubs;2007;57.231
TOTAL;Nº medio de licencias;2024;54,8
TOTAL;Nº medio de licencias;2023;56,1
TOTAL;Nº medio de licencias;2022;53,8
TOTAL;Nº medio de licencias;2021;47,6
TOTAL;Nº medio de licencias;2020;51,4
TOTAL;Nº medio de licencias;2019;52,1
TOTAL;Nº medio de licencias;2018;49,1
TOTAL;Nº medio de licencias;2017;56,1
TOTAL;Nº medio de licencias;2016;54,3
TOTAL;Nº medio de licencias;2015;53,3
TOTAL;Nº medio de licencias;2014;52,2
TOTAL;Nº medio de licencias;2013;54,4
TOTAL;Nº medio de licencias;2012;56,1
TOTAL;Nº medio de licencias;2011;58,9
TOTAL;Nº medio de licencias;2010;59,1
TOTAL;Nº medio de licencias;2009;59,5
TOTAL;Nº medio de licencias;2008;58,8
TOTAL;Nº medio de licencias;2007;58,1
Actividades Subacuáticas;Nº de clubs;2024;945
Actividades Subacuáticas;Nº de clubs;2023;897
Actividades Subacuáticas;Nº de clubs;2022;895
Actividades Subacuáticas;Nº de clubs;2021;908
Actividades Subacuáticas;Nº de clubs;2020;909
Actividades Subacuáticas;Nº de clubs;2019;964
Actividades Subacuáticas;Nº de clubs;2018;988
Actividades Subacuáticas;Nº de clubs;2017;988
Actividades Subacuáticas;Nº de clubs;2016;989
Actividades Subacuáticas;Nº de clubs;2015;990
Actividades Subacuáticas;Nº de clubs;2014;996
Actividades Subacuáticas;Nº de clubs;2013;991
Actividades Subacuáticas;Nº de clubs;2012;1.180
Actividades Subacuáticas;Nº de clubs;2011;1.101
Actividades Subacuáticas;Nº de clubs;2010;1.101
Actividades Subacuáticas;Nº de clubs;2009;1.101
Actividades Subacuáticas;Nº de clubs;2008;1.101
Actividades Subacuáticas;Nº de clubs;2007;1.471
Actividades Subacuáticas;Nº medio de licencias;2024;34,1
Actividades Subacuáticas;Nº medio de licencias;2023;35,5
Actividades Subacuáticas;Nº medio de licencias;2022;36,1
Actividades Subacuáticas;Nº medio de licencias;2021;35,2
Actividades Subacuáticas;Nº medio de licencias;2020;33,5
Actividades Subacuáticas;Nº medio de licencias;2019;28,5
Actividades Subacuáticas;Nº medio de licencias;2018;28,2
Actividades Subacuáticas;Nº medio de licencias;2017;26,9
Actividades Subacuáticas;Nº medio de licencias;2016;26,4
Actividades Subacuáticas;Nº medio de licencias;2015;28,2
Actividades Subacuáticas;Nº medio de licencias;2014;30,4
Actividades Subacuáticas;Nº medio de licencias;2013;32,0
Actividades Subacuáticas;Nº medio de licencias;2012;28,4
Actividades Subacuáticas;Nº medio de licencias;2011;33,6
Actividades Subacuáticas;Nº medio de licencias;2010;34,5
Actividades Subacuáticas;Nº medio de licencias;2009;35,0
Actividades Subacuáticas;Nº medio de licencias;2008;35,4
Actividades Subacuáticas;Nº medio de licencias;2007;28,7
Aeronáutica;Nº de clubs;2024;622
Aeronáutica;Nº de clubs;2023;615
Aeronáutica;Nº de clubs;2022;608
Aeronáutica;Nº de clubs;2021;580
Aeronáutica;Nº de clubs;2020;553
Aeronáutica;Nº de clubs;2019;513
Aeronáutica;Nº de clubs;2018;512
Aeronáutica;Nº de clubs;2017;511
Aeronáutica;Nº de clubs;2016;511
Aeronáutica;Nº de clubs;2015;511
Aeronáutica;Nº de clubs;2014;490
Aeronáutica;Nº de clubs;2013;474
Aeronáutica;Nº de clubs;2012;480
Aeronáutica;Nº de clubs;2011;465
Aeronáutica;Nº de clubs;2010;404
Aeronáutica;Nº de clubs;2009;396
Aeronáutica;Nº de clubs;2008;390
Aeronáutica;Nº de clubs;2007;372
Aeronáutica;Nº medio de licencias;2024;19,4
Aeronáutica;Nº medio de licencias;2023;20,1
Aeronáutica;Nº medio de licencias;2022;20,3
Aeronáutica;Nº medio de licencias;2021;19,2
Aeronáutica;Nº medio de licencias;2020;20,0
Aeronáutica;Nº medio de licencias;2019;24,9
Aeronáutica;Nº medio de licencias;2018;18,7
Aeronáutica;Nº medio de licencias;2017;16,1
Aeronáutica;Nº medio de licencias;2016;15,8
Aeronáutica;Nº medio de licencias;2015;17,6
Aeronáutica;Nº medio de licencias;2014;20,5
Aeronáutica;Nº medio de licencias;2013;9,1
Aeronáutica;Nº medio de licencias;2012;14,0
Aeronáutica;Nº medio de licencias;2011;22,3
Aeronáutica;Nº medio de licencias;2010;32,2
Aeronáutica;Nº medio de licencias;2009;28,7
Aeronáutica;Nº medio de licencias;2008;27,2
Aeronáutica;Nº medio de licencias;2007;22,6
Ajedrez;Nº de clubs;2024;1.003
Ajedrez;Nº de clubs;2023;1.032
Ajedrez;Nº de clubs;2022;939
Ajedrez;Nº de clubs;2021;866
Ajedrez;Nº de clubs;2020;964
Ajedrez;Nº de clubs;2019;993
Ajedrez;Nº de clubs;2018;958
Ajedrez;Nº de clubs;2017;950
Ajedrez;Nº de clubs;2016;932
Ajedrez;Nº de clubs;2015;1.022
Ajedrez;Nº de clubs;2014;892
Ajedrez;Nº de clubs;2013;911
Ajedrez;Nº de clubs;2012;936
Ajedrez;Nº de clubs;2011;974
Ajedrez;Nº de clubs;2010;883
Ajedrez;Nº de clubs;2009;963
Ajedrez;Nº de clubs;2008;977
Ajedrez;Nº de clubs;2007;995
Ajedrez;Nº medio de licencias;2024;34,7
Ajedrez;Nº medio de licencias;2023;30,0
Ajedrez;Nº medio de licencias;2022;31,3
Ajedrez;Nº medio de licencias;2021;25,9
Ajedrez;Nº medio de licencias;2020;29,1
Ajedrez;Nº medio de licencias;2019;30,0
Ajedrez;Nº medio de licencias;2018;29,6
Ajedrez;Nº medio de licencias;2017;29,2
Ajedrez;Nº medio de licencias;2016;28,5
Ajedrez;Nº medio de licencias;2015;24,4
Ajedrez;Nº medio de licencias;2014;27,1
Ajedrez;Nº medio de licencias;2013;24,3
Ajedrez;Nº medio de licencias;2012;24,6
Ajedrez;Nº medio de licencias;2011;23,7
Ajedrez;Nº medio de licencias;2010;25,6
Ajedrez;Nº medio de licencias;2009;22,9
Ajedrez;Nº medio de licencias;2008;22,7
Ajedrez;Nº medio de licencias;2007;23,0
Atletismo;Nº de clubs;2024;1.330
Atletismo;Nº de clubs;2023;1.323
Atletismo;Nº de clubs;2022;1.326
Atletismo;Nº de clubs;2021;1.273
Atletismo;Nº de clubs;2020;1.411
Atletismo;Nº de clubs;2019;1.287
Atletismo;Nº de clubs;2018;1.538
Atletismo;Nº de clubs;2017;1.623
Atletismo;Nº de clubs;2016;1.528
Atletismo;Nº de clubs;2015;1.351
Atletismo;Nº de clubs;2014;1.359
Atletismo;Nº de clubs;2013;1.203
Atletismo;Nº de clubs;2012;1.152
Atletismo;Nº de clubs;2011;1.055
Atletismo;Nº de clubs;2010;732
Atletismo;Nº de clubs;2009;742
Atletismo;Nº de clubs;2008;734
Atletismo;Nº de clubs;2007;720
Atletismo;Nº medio de licencias;2024;67,3
Atletismo;Nº medio de licencias;2023;66,2
Atletismo;Nº medio de licencias;2022;69,7
Atletismo;Nº medio de licencias;2021;67,2
Atletismo;Nº medio de licencias;2020;50,1
Atletismo;Nº medio de licencias;2019;60,7
Atletismo;Nº medio de licencias;2018;55,5
Atletismo;Nº medio de licencias;2017;50,3
Atletismo;Nº medio de licencias;2016;48,5
Atletismo;Nº medio de licencias;2015;52,5
Atletismo;Nº medio de licencias;2014;48,0
Atletismo;Nº medio de licencias;2013;51,8
Atletismo;Nº medio de licencias;2012;69,7
Atletismo;Nº medio de licencias;2011;68,2
Atletismo;Nº medio de licencias;2010;103,2
Atletismo;Nº medio de licencias;2009;107,6
Atletismo;Nº medio de licencias;2008;106,2
Atletismo;Nº medio de licencias;2007;115,9
Automovilismo;Nº de clubs;2024;392
Automovilismo;Nº de clubs;2023;343
Automovilismo;Nº de clubs;2022;493
Automovilismo;Nº de clubs;2021;436
Automovilismo;Nº de clubs;2020;447
Automovilismo;Nº de clubs;2019;591
Automovilismo;Nº de clubs;2018;593
Automovilismo;Nº de clubs;2017;432
Automovilismo;Nº de clubs;2016;485
Automovilismo;Nº de clubs;2015;482
Automovilismo;Nº de clubs;2014;267
Automovilismo;Nº de clubs;2013;263
Automovilismo;Nº de clubs;2012;282
Automovilismo;Nº de clubs;2011;330
Automovilismo;Nº de clubs;2010;352
Automovilismo;Nº de clubs;2009;351
Automovilismo;Nº de clubs;2008;322
Automovilismo;Nº de clubs;2007;378
Automovilismo;Nº medio de licencias;2024;52,1
Automovilismo;Nº medio de licencias;2023;49,1
Automovilismo;Nº medio de licencias;2022;47,8
Automovilismo;Nº medio de licencias;2021;49,5
Automovilismo;Nº medio de licencias;2020;36,7
Automovilismo;Nº medio de licencias;2019;44,3
Automovilismo;Nº medio de licencias;2018;44,4
Automovilismo;Nº medio de licencias;2017;47,0
Automovilismo;Nº medio de licencias;2016;40,3
Automovilismo;Nº medio de licencias;2015;31,3
Automovilismo;Nº medio de licencias;2014;53,0
Automovilismo;Nº medio de licencias;2013;51,4
Automovilismo;Nº medio de licencias;2012;53,1
Automovilismo;Nº medio de licencias;2011;54,4
Automovilismo;Nº medio de licencias;2010;53,5
Automovilismo;Nº medio de licencias;2009;53,9
Automovilismo;Nº medio de licencias;2008;62,0
Automovilismo;Nº medio de licencias;2007;52,0
Bádminton;Nº de clubs;2024;307
Bádminton;Nº de clubs;2023;306
Bádminton;Nº de clubs;2022;301
Bádminton;Nº de clubs;2021;295
Bádminton;Nº de clubs;2020;294
Bádminton;Nº de clubs;2019;293
Bádminton;Nº de clubs;2018;268
Bádminton;Nº de clubs;2017;260
Bádminton;Nº de clubs;2016;258
Bádminton;Nº de clubs;2015;245
Bádminton;Nº de clubs;2014;236
Bádminton;Nº de clubs;2013;241
Bádminton;Nº de clubs;2012;250
Bádminton;Nº de clubs;2011;250
Bádminton;Nº de clubs;2010;245
Bádminton;Nº de clubs;2009;241
Bádminton;Nº de clubs;2008;237
Bádminton;Nº de clubs;2007;229
Bádminton;Nº medio de licencias;2024;31,9
Bádminton;Nº medio de licencias;2023;31,7
Bádminton;Nº medio de licencias;2022;32,3
Bádminton;Nº medio de licencias;2021;32,5
Bádminton;Nº medio de licencias;2020;32,5
Bádminton;Nº medio de licencias;2019;32,3
Bádminton;Nº medio de licencias;2018;31,2
Bádminton;Nº medio de licencias;2017;30,0
Bádminton;Nº medio de licencias;2016;29,3
Bádminton;Nº medio de licencias;2015;29,8
Bádminton;Nº medio de licencias;2014;29,6
Bádminton;Nº medio de licencias;2013;28,2
Bádminton;Nº medio de licencias;2012;27,1
Bádminton;Nº medio de licencias;2011;28,0
Bádminton;Nº medio de licencias;2010;27,9
Bádminton;Nº medio de licencias;2009;28,3
Bádminton;Nº medio de licencias;2008;28,2
Bádminton;Nº medio de licencias;2007;26,2
Baile Deportivo;Nº de clubs;2024;196
Baile Deportivo;Nº de clubs;2023;187
Baile Deportivo;Nº de clubs;2022;162
Baile Deportivo;Nº de clubs;2021;149
Baile Deportivo;Nº de clubs;2020;147
Baile Deportivo;Nº de clubs;2019;193
Baile Deportivo;Nº de clubs;2018;169
Baile Deportivo;Nº de clubs;2017;162
Baile Deportivo;Nº de clubs;2016;154
Baile Deportivo;Nº de clubs;2015;147
Baile Deportivo;Nº de clubs;2014;132
Baile Deportivo;Nº de clubs;2013;117
Baile Deportivo;Nº de clubs;2012;102
Baile Deportivo;Nº de clubs;2011;99
Baile Deportivo;Nº de clubs;2010;66
Baile Deportivo;Nº de clubs;2009;63
Baile Deportivo;Nº de clubs;2008;..
Baile Deportivo;Nº de clubs;2007;..
Baile Deportivo;Nº medio de licencias;2024;28,8
Baile Deportivo;Nº medio de licencias;2023;26,1
Baile Deportivo;Nº medio de licencias;2022;25,0
Baile Deportivo;Nº medio de licencias;2021;35,3
Baile Deportivo;Nº medio de licencias;2020;28,5
Baile Deportivo;Nº medio de licencias;2019;28,2
Baile Deportivo;Nº medio de licencias;2018;29,2
Baile Deportivo;Nº medio de licencias;2017;29,1
Baile Deportivo;Nº medio de licencias;2016;32,5
Baile Deportivo;Nº medio de licencias;2015;23,7
Baile Deportivo;Nº medio de licencias;2014;16,3
Baile Deportivo;Nº medio de licencias;2013;19,2
Baile Deportivo;Nº medio de licencias;2012;25,1
Baile Deportivo;Nº medio de licencias;2011;26,2
Baile Deportivo;Nº medio de licencias;2010;34,0
Baile Deportivo;Nº medio de licencias;2009;53,8
Baile Deportivo;Nº medio de licencias;2008;..
Baile Deportivo;Nº medio de licencias;2007;..
Baloncesto;Nº de clubs;2024;3.074
Baloncesto;Nº de clubs;2023;3.069
Baloncesto;Nº de clubs;2022;3.109
Baloncesto;Nº de clubs;2021;2.616
Baloncesto;Nº de clubs;2020;3.361
Baloncesto;Nº de clubs;2019;3.594
Baloncesto;Nº de clubs;2018;3.619
Baloncesto;Nº de clubs;2017;3.473
Baloncesto;Nº de clubs;2016;3.488
Baloncesto;Nº de clubs;2015;3.542
Baloncesto;Nº de clubs;2014;3.843
Baloncesto;Nº de clubs;2013;3.968
Baloncesto;Nº de clubs;2012;4.053
Baloncesto;Nº de clubs;2011;4.288
Baloncesto;Nº de clubs;2010;4.298
Baloncesto;Nº de clubs;2009;4.444
Baloncesto;Nº de clubs;2008;4.592
Baloncesto;Nº de clubs;2007;4.486
Baloncesto;Nº medio de licencias;2024;143,3
Baloncesto;Nº medio de licencias;2023;134,2
Baloncesto;Nº medio de licencias;2022;121,3
Baloncesto;Nº medio de licencias;2021;104,1
Baloncesto;Nº medio de licencias;2020;112,0
Baloncesto;Nº medio de licencias;2019;107,3
Baloncesto;Nº medio de licencias;2018;106,4
Baloncesto;Nº medio de licencias;2017;102,0
Baloncesto;Nº medio de licencias;2016;99,5
Baloncesto;Nº medio de licencias;2015;100,5
Baloncesto;Nº medio de licencias;2014;92,4
Baloncesto;Nº medio de licencias;2013;100,8
Baloncesto;Nº medio de licencias;2012;100,6
Baloncesto;Nº medio de licencias;2011;94,1
Baloncesto;Nº medio de licencias;2010;93,4
Baloncesto;Nº medio de licencias;2009;86,7
Baloncesto;Nº medio de licencias;2008;79,9
Baloncesto;Nº medio de licencias;2007;76,9
Balonmano;Nº de clubs;2024;871
Balonmano;Nº de clubs;2023;869
Balonmano;Nº de clubs;2022;860
Balonmano;Nº de clubs;2021;848
Balonmano;Nº de clubs;2020;852
Balonmano;Nº de clubs;2019;932
Balonmano;Nº de clubs;2018;924
Balonmano;Nº de clubs;2017;916
Balonmano;Nº de clubs;2016;915
Balonmano;Nº de clubs;2015;898
Balonmano;Nº de clubs;2014;875
Balonmano;Nº de clubs;2013;848
Balonmano;Nº de clubs;2012;853
Balonmano;Nº de clubs;2011;812
Balonmano;Nº de clubs;2010;803
Balonmano;Nº de clubs;2009;812
Balonmano;Nº de clubs;2008;819
Balonmano;Nº de clubs;2007;810
Balonmano;Nº medio de licencias;2024;118,2
Balonmano;Nº medio de licencias;2023;115,9
Balonmano;Nº medio de licencias;2022;115,0
Balonmano;Nº medio de licencias;2021;109,1
Balonmano;Nº medio de licencias;2020;106,0
Balonmano;Nº medio de licencias;2019;107,7
Balonmano;Nº medio de licencias;2018;107,3
Balonmano;Nº medio de licencias;2017;107,8
Balonmano;Nº medio de licencias;2016;103,9
Balonmano;Nº medio de licencias;2015;103,2
Balonmano;Nº medio de licencias;2014;105,4
Balonmano;Nº medio de licencias;2013;108,3
Balonmano;Nº medio de licencias;2012;112,3
Balonmano;Nº medio de licencias;2011;118,5
Balonmano;Nº medio de licencias;2010;119,1
Balonmano;Nº medio de licencias;2009;117,0
Balonmano;Nº medio de licencias;2008;114,7
Balonmano;Nº medio de licencias;2007;117,6
Béisbol y Sófbol;Nº de clubs;2024;100
Béisbol y Sófbol;Nº de clubs;2023;105
Béisbol y Sófbol;Nº de clubs;2022;115
Béisbol y Sófbol;Nº de clubs;2021;100
Béisbol y Sófbol;Nº de clubs;2020;65
Béisbol y Sófbol;Nº de clubs;2019;84
Béisbol y Sófbol;Nº de clubs;2018;84
Béisbol y Sófbol;Nº de clubs;2017;83
Béisbol y Sófbol;Nº de clubs;2016;90
Béisbol y Sófbol;Nº de clubs;2015;86
Béisbol y Sófbol;Nº de clubs;2014;84
Béisbol y Sófbol;Nº de clubs;2013;81
Béisbol y Sófbol;Nº de clubs;2012;99
Béisbol y Sófbol;Nº de clubs;2011;97
Béisbol y Sófbol;Nº de clubs;2010;91
Béisbol y Sófbol;Nº de clubs;2009;100
Béisbol y Sófbol;Nº de clubs;2008;83
Béisbol y Sófbol;Nº de clubs;2007;40
Béisbol y Sófbol;Nº medio de licencias;2024;66,3
Béisbol y Sófbol;Nº medio de licencias;2023;58,9
Béisbol y Sófbol;Nº medio de licencias;2022;53,3
Béisbol y Sófbol;Nº medio de licencias;2021;58,0
Béisbol y Sófbol;Nº medio de licencias;2020;50,7
Béisbol y Sófbol;Nº medio de licencias;2019;58,8
Béisbol y Sófbol;Nº medio de licencias;2018;54,7
Béisbol y Sófbol;Nº medio de licencias;2017;53,7
Béisbol y Sófbol;Nº medio de licencias;2016;46,3
Béisbol y Sófbol;Nº medio de licencias;2015;66,5
Béisbol y Sófbol;Nº medio de licencias;2014;70,9
Béisbol y Sófbol;Nº medio de licencias;2013;54,2
Béisbol y Sófbol;Nº medio de licencias;2012;52,9
Béisbol y Sófbol;Nº medio de licencias;2011;68,2
Béisbol y Sófbol;Nº medio de licencias;2010;71,8
Béisbol y Sófbol;Nº medio de licencias;2009;70,8
Béisbol y Sófbol;Nº medio de licencias;2008;79,4
Béisbol y Sófbol;Nº medio de licencias;2007;120,6
Billar;Nº de clubs;2024;230
Billar;Nº de clubs;2023;232
Billar;Nº de clubs;2022;213
Billar;Nº de clubs;2021;210
Billar;Nº de clubs;2020;222
Billar;Nº de clubs;2019;222
Billar;Nº de clubs;2018;215
Billar;Nº de clubs;2017;219
Billar;Nº de clubs;2016;228
Billar;Nº de clubs;2015;249
Billar;Nº de clubs;2014;246
Billar;Nº de clubs;2013;301
Billar;Nº de clubs;2012;264
Billar;Nº de clubs;2011;264
Billar;Nº de clubs;2010;264
Billar;Nº de clubs;2009;264
Billar;Nº de clubs;2008;264
Billar;Nº de clubs;2007;255
Billar;Nº medio de licencias;2024;14,2
Billar;Nº medio de licencias;2023;15,4
Billar;Nº medio de licencias;2022;15,5
Billar;Nº medio de licencias;2021;16,7
Billar;Nº medio de licencias;2020;9,2
Billar;Nº medio de licencias;2019;14,4
Billar;Nº medio de licencias;2018;16,8
Billar;Nº medio de licencias;2017;9,1
Billar;Nº medio de licencias;2016;12,5
Billar;Nº medio de licencias;2015;10,7
Billar;Nº medio de licencias;2014;11,0
Billar;Nº medio de licencias;2013;7,5
Billar;Nº medio de licencias;2012;6,8
Billar;Nº medio de licencias;2011;12,2
Billar;Nº medio de licencias;2010;9,1
Billar;Nº medio de licencias;2009;9,5
Billar;Nº medio de licencias;2008;11,6
Billar;Nº medio de licencias;2007;8,7
Bolos;Nº de clubs;2024;345
Bolos;Nº de clubs;2023;315
Bolos;Nº de clubs;2022;311
Bolos;Nº de clubs;2021;277
Bolos;Nº de clubs;2020;329
Bolos;Nº de clubs;2019;344
Bolos;Nº de clubs;2018;358
Bolos;Nº de clubs;2017;380
Bolos;Nº de clubs;2016;396
Bolos;Nº de clubs;2015;332
Bolos;Nº de clubs;2014;324
Bolos;Nº de clubs;2013;208
Bolos;Nº de clubs;2012;214
Bolos;Nº de clubs;2011;212
Bolos;Nº de clubs;2010;225
Bolos;Nº de clubs;2009;377
Bolos;Nº de clubs;2008;375
Bolos;Nº de clubs;2007;833
Bolos;Nº medio de licencias;2024;20,4
Bolos;Nº medio de licencias;2023;20,4
Bolos;Nº medio de licencias;2022;23,7
Bolos;Nº medio de licencias;2021;19,8
Bolos;Nº medio de licencias;2020;20,5
Bolos;Nº medio de licencias;2019;23,6
Bolos;Nº medio de licencias;2018;27,3
Bolos;Nº medio de licencias;2017;25,9
Bolos;Nº medio de licencias;2016;22,3
Bolos;Nº medio de licencias;2015;24,9
Bolos;Nº medio de licencias;2014;29,0
Bolos;Nº medio de licencias;2013;33,2
Bolos;Nº medio de licencias;2012;39,1
Bolos;Nº medio de licencias;2011;46,8
Bolos;Nº medio de licencias;2010;43,7
Bolos;Nº medio de licencias;2009;30,8
Bolos;Nº medio de licencias;2008;33,1
Bolos;Nº medio de licencias;2007;14,2
Boxeo;Nº de clubs;2024;719
Boxeo;Nº de clubs;2023;708
Boxeo;Nº de clubs;2022;628
Boxeo;Nº de clubs;2021;541
Boxeo;Nº de clubs;2020;415
Boxeo;Nº de clubs;2019;590
Boxeo;Nº de clubs;2018;522
Boxeo;Nº de clubs;2017;494
Boxeo;Nº de clubs;2016;127
Boxeo;Nº de clubs;2015;205
Boxeo;Nº de clubs;2014;152
Boxeo;Nº de clubs;2013;145
Boxeo;Nº de clubs;2012;151
Boxeo;Nº de clubs;2011;68
Boxeo;Nº de clubs;2010;43
Boxeo;Nº de clubs;2009;42
Boxeo;Nº de clubs;2008;116
Boxeo;Nº de clubs;2007;128
Boxeo;Nº medio de licencias;2024;21,3
Boxeo;Nº medio de licencias;2023;23,0
Boxeo;Nº medio de licencias;2022;12,7
Boxeo;Nº medio de licencias;2021;12,4
Boxeo;Nº medio de licencias;2020;11,4
Boxeo;Nº medio de licencias;2019;20,6
Boxeo;Nº medio de licencias;2018;22,6
Boxeo;Nº medio de licencias;2017;20,5
Boxeo;Nº medio de licencias;2016;25,0
Boxeo;Nº medio de licencias;2015;15,6
Boxeo;Nº medio de licencias;2014;20,7
Boxeo;Nº medio de licencias;2013;20,7
Boxeo;Nº medio de licencias;2012;9,1
Boxeo;Nº medio de licencias;2011;59,0
Boxeo;Nº medio de licencias;2010;83,1
Boxeo;Nº medio de licencias;2009;69,2
Boxeo;Nº medio de licencias;2008;29,0
Boxeo;Nº medio de licencias;2007;24,5
Caza;Nº de clubs;2024;6.245
Caza;Nº de clubs;2023;6.308
Caza;Nº de clubs;2022;6.458
Caza;Nº de clubs;2021;6.303
Caza;Nº de clubs;2020;5.629
Caza;Nº de clubs;2019;5.941
Caza;Nº de clubs;2018;5.965
Caza;Nº de clubs;2017;5.965
Caza;Nº de clubs;2016;6.295
Caza;Nº de clubs;2015;5.836
Caza;Nº de clubs;2014;6.535
Caza;Nº de clubs;2013;5.398
Caza;Nº de clubs;2012;5.831
Caza;Nº de clubs;2011;5.797
Caza;Nº de clubs;2010;5.811
Caza;Nº de clubs;2009;5.689
Caza;Nº de clubs;2008;5.663
Caza;Nº de clubs;2007;6.088
Caza;Nº medio de licencias;2024;52,4
Caza;Nº medio de licencias;2023;52,4
Caza;Nº medio de licencias;2022;51,7
Caza;Nº medio de licencias;2021;53,5
Caza;Nº medio de licencias;2020;59,4
Caza;Nº medio de licencias;2019;56,5
Caza;Nº medio de licencias;2018;53,2
Caza;Nº medio de licencias;2017;55,1
Caza;Nº medio de licencias;2016;52,8
Caza;Nº medio de licencias;2015;57,2
Caza;Nº medio de licencias;2014;51,2
Caza;Nº medio de licencias;2013;65,0
Caza;Nº medio de licencias;2012;63,4
Caza;Nº medio de licencias;2011;67,4
Caza;Nº medio de licencias;2010;68,6
Caza;Nº medio de licencias;2009;72,3
Caza;Nº medio de licencias;2008;71,8
Caza;Nº medio de licencias;2007;69,2
Ciclismo;Nº de clubs;2024;3.536
Ciclismo;Nº de clubs;2023;3.682
Ciclismo;Nº de clubs;2022;3.729
Ciclismo;Nº de clubs;2021;3.623
Ciclismo;Nº de clubs;2020;3.634
Ciclismo;Nº de clubs;2019;3.878
Ciclismo;Nº de clubs;2018;3.808
Ciclismo;Nº de clubs;2017;3.745
Ciclismo;Nº de clubs;2016;3.796
Ciclismo;Nº de clubs;2015;3.575
Ciclismo;Nº de clubs;2014;3.420
Ciclismo;Nº de clubs;2013;3.177
Ciclismo;Nº de clubs;2012;3.043
Ciclismo;Nº de clubs;2011;2.800
Ciclismo;Nº de clubs;2010;2.652
Ciclismo;Nº de clubs;2009;2.266
Ciclismo;Nº de clubs;2008;2.310
Ciclismo;Nº de clubs;2007;2.042
Ciclismo;Nº medio de licencias;2024;19,4
Ciclismo;Nº medio de licencias;2023;19,0
Ciclismo;Nº medio de licencias;2022;20,0
Ciclismo;Nº medio de licencias;2021;21,5
Ciclismo;Nº medio de licencias;2020;20,8
Ciclismo;Nº medio de licencias;2019;19,3
Ciclismo;Nº medio de licencias;2018;19,9
Ciclismo;Nº medio de licencias;2017;19,9
Ciclismo;Nº medio de licencias;2016;20,0
Ciclismo;Nº medio de licencias;2015;21,2
Ciclismo;Nº medio de licencias;2014;20,7
Ciclismo;Nº medio de licencias;2013;20,6
Ciclismo;Nº medio de licencias;2012;20,3
Ciclismo;Nº medio de licencias;2011;21,3
Ciclismo;Nº medio de licencias;2010;21,5
Ciclismo;Nº medio de licencias;2009;23,8
Ciclismo;Nº medio de licencias;2008;21,9
Ciclismo;Nº medio de licencias;2007;29,9
Colombicultura;Nº de clubs;2024;928
Colombicultura;Nº de clubs;2023;928
Colombicultura;Nº de clubs;2022;926
Colombicultura;Nº de clubs;2021;926
Colombicultura;Nº de clubs;2020;925
Colombicultura;Nº de clubs;2019;1.073
Colombicultura;Nº de clubs;2018;1.069
Colombicultura;Nº de clubs;2017;1.061
Colombicultura;Nº de clubs;2016;1.057
Colombicultura;Nº de clubs;2015;1.054
Colombicultura;Nº de clubs;2014;1.047
Colombicultura;Nº de clubs;2013;1.033
Colombicultura;Nº de clubs;2012;1.028
Colombicultura;Nº de clubs;2011;1.022
Colombicultura;Nº de clubs;2010;904
Colombicultura;Nº de clubs;2009;883
Colombicultura;Nº de clubs;2008;883
Colombicultura;Nº de clubs;2007;883
Colombicultura;Nº medio de licencias;2024;29,0
Colombicultura;Nº medio de licencias;2023;30,2
Colombicultura;Nº medio de licencias;2022;29,0
Colombicultura;Nº medio de licencias;2021;25,5
Colombicultura;Nº medio de licencias;2020;28,9
Colombicultura;Nº medio de licencias;2019;25,0
Colombicultura;Nº medio de licencias;2018;25,2
Colombicultura;Nº medio de licencias;2017;24,0
Colombicultura;Nº medio de licencias;2016;23,5
Colombicultura;Nº medio de licencias;2015;22,5
Colombicultura;Nº medio de licencias;2014;21,5
Colombicultura;Nº medio de licencias;2013;22,2
Colombicultura;Nº medio de licencias;2012;22,6
Colombicultura;Nº medio de licencias;2011;22,9
Colombicultura;Nº medio de licencias;2010;24,9
Colombicultura;Nº medio de licencias;2009;25,1
Colombicultura;Nº medio de licencias;2008;25,1
Colombicultura;Nº medio de licencias;2007;23,2
Colombófila;Nº de clubs;2024;177
Colombófila;Nº de clubs;2023;182
Colombófila;Nº de clubs;2022;193
Colombófila;Nº de clubs;2021;185
Colombófila;Nº de clubs;2020;163
Colombófila;Nº de clubs;2019;169
Colombófila;Nº de clubs;2018;167
Colombófila;Nº de clubs;2017;168
Colombófila;Nº de clubs;2016;176
Colombófila;Nº de clubs;2015;176
Colombófila;Nº de clubs;2014;174
Colombófila;Nº de clubs;2013;165
Colombófila;Nº de clubs;2012;163
Colombófila;Nº de clubs;2011;185
Colombófila;Nº de clubs;2010;202
Colombófila;Nº de clubs;2009;212
Colombófila;Nº de clubs;2008;210
Colombófila;Nº de clubs;2007;205
Colombófila;Nº medio de licencias;2024;18,8
Colombófila;Nº medio de licencias;2023;17,8
Colombófila;Nº medio de licencias;2022;17,6
Colombófila;Nº medio de licencias;2021;18,7
Colombófila;Nº medio de licencias;2020;20,0
Colombófila;Nº medio de licencias;2019;18,6
Colombófila;Nº medio de licencias;2018;17,7
Colombófila;Nº medio de licencias;2017;17,7
Colombófila;Nº medio de licencias;2016;17,6
Colombófila;Nº medio de licencias;2015;28,2
Colombófila;Nº medio de licencias;2014;24,3
Colombófila;Nº medio de licencias;2013;24,7
Colombófila;Nº medio de licencias;2012;17,5
Colombófila;Nº medio de licencias;2011;18,6
Colombófila;Nº medio de licencias;2010;24,4
Colombófila;Nº medio de licencias;2009;27,8
Colombófila;Nº medio de licencias;2008;23,0
Colombófila;Nº medio de licencias;2007;22,4
Deporte Discapacidad Física;Nº de clubs;2024;181
Deporte Discapacidad Física;Nº de clubs;2023;178
Deporte Discapacidad Física;Nº de clubs;2022;169
Deporte Discapacidad Física;Nº de clubs;2021;157
Deporte Discapacidad Física;Nº de clubs;2020;125
Deporte Discapacidad Física;Nº de clubs;2019;156
Deporte Discapacidad Física;Nº de clubs;2018;137
Deporte Discapacidad Física;Nº de clubs;2017;107
Deporte Discapacidad Física;Nº de clubs;2016;111
Deporte Discapacidad Física;Nº de clubs;2015;107
Deporte Discapacidad Física;Nº de clubs;2014;120
Deporte Discapacidad Física;Nº de clubs;2013;123
Deporte Discapacidad Física;Nº de clubs;2012;170
Deporte Discapacidad Física;Nº de clubs;2011;150
Deporte Discapacidad Física;Nº de clubs;2010;344
Deporte Discapacidad Física;Nº de clubs;2009;351
Deporte Discapacidad Física;Nº de clubs;2008;339
Deporte Discapacidad Física;Nº de clubs;2007;319
Deporte Discapacidad Física;Nº medio de licencias;2024;10,5
Deporte Discapacidad Física;Nº medio de licencias;2023;10,6
Deporte Discapacidad Física;Nº medio de licencias;2022;11,0
Deporte Discapacidad Física;Nº medio de licencias;2021;10,8
Deporte Discapacidad Física;Nº medio de licencias;2020;12,9
Deporte Discapacidad Física;Nº medio de licencias;2019;10,8
Deporte Discapacidad Física;Nº medio de licencias;2018;11,3
Deporte Discapacidad Física;Nº medio de licencias;2017;14,6
Deporte Discapacidad Física;Nº medio de licencias;2016;14,7
Deporte Discapacidad Física;Nº medio de licencias;2015;20,1
Deporte Discapacidad Física;Nº medio de licencias;2014;15,7
Deporte Discapacidad Física;Nº medio de licencias;2013;17,9
Deporte Discapacidad Física;Nº medio de licencias;2012;13,1
Deporte Discapacidad Física;Nº medio de licencias;2011;26,9
Deporte Discapacidad Física;Nº medio de licencias;2010;22,1
Deporte Discapacidad Física;Nº medio de licencias;2009;20,0
Deporte Discapacidad Física;Nº medio de licencias;2008;11,7
Deporte Discapacidad Física;Nº medio de licencias;2007;22,5
Deporte Discapacidad Intelectual;Nº de clubs;2024;436
Deporte Discapacidad Intelectual;Nº de clubs;2023;423
Deporte Discapacidad Intelectual;Nº de clubs;2022;362
Deporte Discapacidad Intelectual;Nº de clubs;2021;391
Deporte Discapacidad Intelectual;Nº de clubs;2020;367
Deporte Discapacidad Intelectual;Nº de clubs;2019;268
Deporte Discapacidad Intelectual;Nº de clubs;2018;232
Deporte Discapacidad Intelectual;Nº de clubs;2017;215
Deporte Discapacidad Intelectual;Nº de clubs;2016;204
Deporte Discapacidad Intelectual;Nº de clubs;2015;227
Deporte Discapacidad Intelectual;Nº de clubs;2014;213
Deporte Discapacidad Intelectual;Nº de clubs;2013;159
Deporte Discapacidad Intelectual;Nº de clubs;2012;219
Deporte Discapacidad Intelectual;Nº de clubs;2011;160
Deporte Discapacidad Intelectual;Nº de clubs;2010;180
Deporte Discapacidad Intelectual;Nº de clubs;2009;210
Deporte Discapacidad Intelectual;Nº de clubs;2008;204
Deporte Discapacidad Intelectual;Nº de clubs;2007;198
Deporte Discapacidad Intelectual;Nº medio de licencias;2024;35,1
Deporte Discapacidad Intelectual;Nº medio de licencias;2023;32,6
Deporte Discapacidad Intelectual;Nº medio de licencias;2022;25,9
Deporte Discapacidad Intelectual;Nº medio de licencias;2021;23,8
Deporte Discapacidad Intelectual;Nº medio de licencias;2020;25,5
Deporte Discapacidad Intelectual;Nº medio de licencias;2019;23,8
Deporte Discapacidad Intelectual;Nº medio de licencias;2018;23,1
Deporte Discapacidad Intelectual;Nº medio de licencias;2017;27,1
Deporte Discapacidad Intelectual;Nº medio de licencias;2016;29,2
Deporte Discapacidad Intelectual;Nº medio de licencias;2015;26,4
Deporte Discapacidad Intelectual;Nº medio de licencias;2014;27,6
Deporte Discapacidad Intelectual;Nº medio de licencias;2013;20,2
Deporte Discapacidad Intelectual;Nº medio de licencias;2012;21,1
Deporte Discapacidad Intelectual;Nº medio de licencias;2011;29,0
Deporte Discapacidad Intelectual;Nº medio de licencias;2010;28,8
Deporte Discapacidad Intelectual;Nº medio de licencias;2009;23,8
Deporte Discapacidad Intelectual;Nº medio de licencias;2008;30,9
Deporte Discapacidad Intelectual;Nº medio de licencias;2007;22,3
Deporte para Ciegos;Nº de clubs;2024;0
Deporte para Ciegos;Nº de clubs;2023;0
Deporte para Ciegos;Nº de clubs;2022;0
Deporte para Ciegos;Nº de clubs;2021;0
Deporte para Ciegos;Nº de clubs;2020;0
Deporte para Ciegos;Nº de clubs;2019;0
Deporte para Ciegos;Nº de clubs;2018;0
Deporte para Ciegos;Nº de clubs;2017;0
Deporte para Ciegos;Nº de clubs;2016;0
Deporte para Ciegos;Nº de clubs;2015;0
Deporte para Ciegos;Nº de clubs;2014;0
Deporte para Ciegos;Nº de clubs;2013;0
Deporte para Ciegos;Nº de clubs;2012;0
Deporte para Ciegos;Nº de clubs;2011;0
Deporte para Ciegos;Nº de clubs;2010;0
Deporte para Ciegos;Nº de clubs;2009;0
Deporte para Ciegos;Nº de clubs;2008;0
Deporte para Ciegos;Nº de clubs;2007;0
Deporte para Ciegos;Nº medio de licencias;2024;0,0
Deporte para Ciegos;Nº medio de licencias;2023;0,0
Deporte para Ciegos;Nº medio de licencias;2022;0,0
Deporte para Ciegos;Nº medio de licencias;2021;0,0
Deporte para Ciegos;Nº medio de licencias;2020;0,0
Deporte para Ciegos;Nº medio de licencias;2019;0,0
Deporte para Ciegos;Nº medio de licencias;2018;0,0
Deporte para Ciegos;Nº medio de licencias;2017;0,0
Deporte para Ciegos;Nº medio de licencias;2016;0,0
Deporte para Ciegos;Nº medio de licencias;2015;0,0
Deporte para Ciegos;Nº medio de licencias;2014;0,0
Deporte para Ciegos;Nº medio de licencias;2013;0,0
Deporte para Ciegos;Nº medio de licencias;2012;0,0
Deporte para Ciegos;Nº medio de licencias;2011;0,0
Deporte para Ciegos;Nº medio de licencias;2010;0,0
Deporte para Ciegos;Nº medio de licencias;2009;0,0
Deporte para Ciegos;Nº medio de licencias;2008;0,0
Deporte para Ciegos;Nº medio de licencias;2007;0,0
Deporte para Sordos;Nº de clubs;2024;44
Deporte para Sordos;Nº de clubs;2023;58
Deporte para Sordos;Nº de clubs;2022;50
Deporte para Sordos;Nº de clubs;2021;44
Deporte para Sordos;Nº de clubs;2020;34
Deporte para Sordos;Nº de clubs;2019;47
Deporte para Sordos;Nº de clubs;2018;47
Deporte para Sordos;Nº de clubs;2017;44
Deporte para Sordos;Nº de clubs;2016;47
Deporte para Sordos;Nº de clubs;2015;42
Deporte para Sordos;Nº de clubs;2014;23
Deporte para Sordos;Nº de clubs;2013;31
Deporte para Sordos;Nº de clubs;2012;41
Deporte para Sordos;Nº de clubs;2011;41
Deporte para Sordos;Nº de clubs;2010;48
Deporte para Sordos;Nº de clubs;2009;48
Deporte para Sordos;Nº de clubs;2008;62
Deporte para Sordos;Nº de clubs;2007;41
Deporte para Sordos;Nº medio de licencias;2024;12,1
Deporte para Sordos;Nº medio de licencias;2023;14,3
Deporte para Sordos;Nº medio de licencias;2022;17,4
Deporte para Sordos;Nº medio de licencias;2021;17,5
Deporte para Sordos;Nº medio de licencias;2020;16,5
Deporte para Sordos;Nº medio de licencias;2019;16,4
Deporte para Sordos;Nº medio de licencias;2018;19,3
Deporte para Sordos;Nº medio de licencias;2017;20,6
Deporte para Sordos;Nº medio de licencias;2016;23,0
Deporte para Sordos;Nº medio de licencias;2015;24,8
Deporte para Sordos;Nº medio de licencias;2014;14,1
Deporte para Sordos;Nº medio de licencias;2013;19,8
Deporte para Sordos;Nº medio de licencias;2012;17,9
Deporte para Sordos;Nº medio de licencias;2011;17,8
Deporte para Sordos;Nº medio de licencias;2010;16,2
Deporte para Sordos;Nº medio de licencias;2009;22,3
Deporte para Sordos;Nº medio de licencias;2008;36,6
Deporte para Sordos;Nº medio de licencias;2007;25,5
Deporte Parálisis Cerebral y DCA;Nº de clubs;2024;136
Deporte Parálisis Cerebral y DCA;Nº de clubs;2023;154
Deporte Parálisis Cerebral y DCA;Nº de clubs;2022;129
Deporte Parálisis Cerebral y DCA;Nº de clubs;2021;108
Deporte Parálisis Cerebral y DCA;Nº de clubs;2020;129
Deporte Parálisis Cerebral y DCA;Nº de clubs;2019;118
Deporte Parálisis Cerebral y DCA;Nº de clubs;2018;127
Deporte Parálisis Cerebral y DCA;Nº de clubs;2017;113
Deporte Parálisis Cerebral y DCA;Nº de clubs;2016;116
Deporte Parálisis Cerebral y DCA;Nº de clubs;2015;126
Deporte Parálisis Cerebral y DCA;Nº de clubs;2014;118
Deporte Parálisis Cerebral y DCA;Nº de clubs;2013;99
Deporte Parálisis Cerebral y DCA;Nº de clubs;2012;106
Deporte Parálisis Cerebral y DCA;Nº de clubs;2011;111
Deporte Parálisis Cerebral y DCA;Nº de clubs;2010;107
Deporte Parálisis Cerebral y DCA;Nº de clubs;2009;105
Deporte Parálisis Cerebral y DCA;Nº de clubs;2008;98
Deporte Parálisis Cerebral y DCA;Nº de clubs;2007;85
Deporte Parálisis Cerebral y DCA;Nº medio de licencias;2024;10,1
Deporte Parálisis Cerebral y DCA;Nº medio de licencias;2023;9,7
Deporte Parálisis Cerebral y DCA;Nº medio de licencias;2022;9,4
Deporte Parálisis Cerebral y DCA;Nº medio de licencias;2021;9,8
Deporte Parálisis Cerebral y DCA;Nº medio de licencias;2020;10,4
Deporte Parálisis Cerebral y DCA;Nº medio de licencias;2019;12,8
Deporte Parálisis Cerebral y DCA;Nº medio de licencias;2018;10,6
Deporte Parálisis Cerebral y DCA;Nº medio de licencias;2017;11,4
Deporte Parálisis Cerebral y DCA;Nº medio de licencias;2016;11,4
Deporte Parálisis Cerebral y DCA;Nº medio de licencias;2015;10,8
Deporte Parálisis Cerebral y DCA;Nº medio de licencias;2014;10,8
Deporte Parálisis Cerebral y DCA;Nº medio de licencias;2013;12,5
Deporte Parálisis Cerebral y DCA;Nº medio de licencias;2012;14,7
Deporte Parálisis Cerebral y DCA;Nº medio de licencias;2011;15,7
Deporte Parálisis Cerebral y DCA;Nº medio de licencias;2010;17,1
Deporte Parálisis Cerebral y DCA;Nº medio de licencias;2009;18,8
Deporte Parálisis Cerebral y DCA;Nº medio de licencias;2008;23,4
Deporte Parálisis Cerebral y DCA;Nº medio de licencias;2007;25,4
Deportes de Hielo;Nº de clubs;2024;47
Deportes de Hielo;Nº de clubs;2023;43
Deportes de Hielo;Nº de clubs;2022;46
Deportes de Hielo;Nº de clubs;2021;43
Deportes de Hielo;Nº de clubs;2020;43
Deportes de Hielo;Nº de clubs;2019;41
Deportes de Hielo;Nº de clubs;2018;39
Deportes de Hielo;Nº de clubs;2017;39
Deportes de Hielo;Nº de clubs;2016;39
Deportes de Hielo;Nº de clubs;2015;38
Deportes de Hielo;Nº de clubs;2014;35
Deportes de Hielo;Nº de clubs;2013;38
Deportes de Hielo;Nº de clubs;2012;49
Deportes de Hielo;Nº de clubs;2011;49
Deportes de Hielo;Nº de clubs;2010;44
Deportes de Hielo;Nº de clubs;2009;44
Deportes de Hielo;Nº de clubs;2008;32
Deportes de Hielo;Nº de clubs;2007;49
Deportes de Hielo;Nº medio de licencias;2024;49,5
Deportes de Hielo;Nº medio de licencias;2023;51,1
Deportes de Hielo;Nº medio de licencias;2022;49,8
Deportes de Hielo;Nº medio de licencias;2021;53,1
Deportes de Hielo;Nº medio de licencias;2020;49,4
Deportes de Hielo;Nº medio de licencias;2019;49,3
Deportes de Hielo;Nº medio de licencias;2018;50,0
Deportes de Hielo;Nº medio de licencias;2017;55,2
Deportes de Hielo;Nº medio de licencias;2016;54,5
Deportes de Hielo;Nº medio de licencias;2015;45,2
Deportes de Hielo;Nº medio de licencias;2014;36,5
Deportes de Hielo;Nº medio de licencias;2013;54,8
Deportes de Hielo;Nº medio de licencias;2012;33,0
Deportes de Hielo;Nº medio de licencias;2011;36,7
Deportes de Hielo;Nº medio de licencias;2010;32,0
Deportes de Hielo;Nº medio de licencias;2009;30,1
Deportes de Hielo;Nº medio de licencias;2008;22,8
Deportes de Hielo;Nº medio de licencias;2007;16,0
Deportes de Invierno;Nº de clubs;2024;202
Deportes de Invierno;Nº de clubs;2023;204
Deportes de Invierno;Nº de clubs;2022;220
Deportes de Invierno;Nº de clubs;2021;199
Deportes de Invierno;Nº de clubs;2020;213
Deportes de Invierno;Nº de clubs;2019;214
Deportes de Invierno;Nº de clubs;2018;214
Deportes de Invierno;Nº de clubs;2017;207
Deportes de Invierno;Nº de clubs;2016;212
Deportes de Invierno;Nº de clubs;2015;212
Deportes de Invierno;Nº de clubs;2014;201
Deportes de Invierno;Nº de clubs;2013;193
Deportes de Invierno;Nº de clubs;2012;196
Deportes de Invierno;Nº de clubs;2011;196
Deportes de Invierno;Nº de clubs;2010;190
Deportes de Invierno;Nº de clubs;2009;189
Deportes de Invierno;Nº de clubs;2008;174
Deportes de Invierno;Nº de clubs;2007;176
Deportes de Invierno;Nº medio de licencias;2024;18,3
Deportes de Invierno;Nº medio de licencias;2023;18,7
Deportes de Invierno;Nº medio de licencias;2022;19,2
Deportes de Invierno;Nº medio de licencias;2021;19,0
Deportes de Invierno;Nº medio de licencias;2020;18,0
Deportes de Invierno;Nº medio de licencias;2019;17,4
Deportes de Invierno;Nº medio de licencias;2018;17,5
Deportes de Invierno;Nº medio de licencias;2017;18,1
Deportes de Invierno;Nº medio de licencias;2016;16,3
Deportes de Invierno;Nº medio de licencias;2015;16,1
Deportes de Invierno;Nº medio de licencias;2014;15,1
Deportes de Invierno;Nº medio de licencias;2013;15,9
Deportes de Invierno;Nº medio de licencias;2012;16,8
Deportes de Invierno;Nº medio de licencias;2011;60,1
Deportes de Invierno;Nº medio de licencias;2010;72,5
Deportes de Invierno;Nº medio de licencias;2009;84,3
Deportes de Invierno;Nº medio de licencias;2008;86,4
Deportes de Invierno;Nº medio de licencias;2007;76,5
Esgrima;Nº de clubs;2024;324
Esgrima;Nº de clubs;2023;319
Esgrima;Nº de clubs;2022;311
Esgrima;Nº de clubs;2021;302
Esgrima;Nº de clubs;2020;295
Esgrima;Nº de clubs;2019;289
Esgrima;Nº de clubs;2018;274
Esgrima;Nº de clubs;2017;267
Esgrima;Nº de clubs;2016;261
Esgrima;Nº de clubs;2015;256
Esgrima;Nº de clubs;2014;221
Esgrima;Nº de clubs;2013;216
Esgrima;Nº de clubs;2012;221
Esgrima;Nº de clubs;2011;212
Esgrima;Nº de clubs;2010;210
Esgrima;Nº de clubs;2009;194
Esgrima;Nº de clubs;2008;188
Esgrima;Nº de clubs;2007;175
Esgrima;Nº medio de licencias;2024;21,4
Esgrima;Nº medio de licencias;2023;21,1
Esgrima;Nº medio de licencias;2022;19,3
Esgrima;Nº medio de licencias;2021;15,6
Esgrima;Nº medio de licencias;2020;17,4
Esgrima;Nº medio de licencias;2019;22,9
Esgrima;Nº medio de licencias;2018;22,6
Esgrima;Nº medio de licencias;2017;23,1
Esgrima;Nº medio de licencias;2016;22,5
Esgrima;Nº medio de licencias;2015;22,0
Esgrima;Nº medio de licencias;2014;25,1
Esgrima;Nº medio de licencias;2013;28,3
Esgrima;Nº medio de licencias;2012;18,3
Esgrima;Nº medio de licencias;2011;39,9
Esgrima;Nº medio de licencias;2010;44,5
Esgrima;Nº medio de licencias;2009;49,3
Esgrima;Nº medio de licencias;2008;48,9
Esgrima;Nº medio de licencias;2007;47,5
Espeleología;Nº de clubs;2024;406
Espeleología;Nº de clubs;2023;401
Espeleología;Nº de clubs;2022;..
Espeleología;Nº de clubs;2021;395
Espeleología;Nº de clubs;2020;452
Espeleología;Nº de clubs;2019;396
Espeleología;Nº de clubs;2018;373
Espeleología;Nº de clubs;2017;376
Espeleología;Nº de clubs;2016;392
Espeleología;Nº de clubs;2015;103
Espeleología;Nº de clubs;2014;237
Espeleología;Nº de clubs;2013;129
Espeleología;Nº de clubs;2012;334
Espeleología;Nº de clubs;2011;350
Espeleología;Nº de clubs;2010;349
Espeleología;Nº de clubs;2009;285
Espeleología;Nº de clubs;2008;215
Espeleología;Nº de clubs;2007;221
Espeleología;Nº medio de licencias;2024;26,3
Espeleología;Nº medio de licencias;2023;25,7
Espeleología;Nº medio de licencias;2022;..
Espeleología;Nº medio de licencias;2021;27,7
Espeleología;Nº medio de licencias;2020;26,4
Espeleología;Nº medio de licencias;2019;31,2
Espeleología;Nº medio de licencias;2018;26,8
Espeleología;Nº medio de licencias;2017;29,2
Espeleología;Nº medio de licencias;2016;27,6
Espeleología;Nº medio de licencias;2015;20,9
Espeleología;Nº medio de licencias;2014;26,1
Espeleología;Nº medio de licencias;2013;20,1
Espeleología;Nº medio de licencias;2012;22,3
Espeleología;Nº medio de licencias;2011;26,8
Espeleología;Nº medio de licencias;2010;25,0
Espeleología;Nº medio de licencias;2009;29,5
Espeleología;Nº medio de licencias;2008;35,3
Espeleología;Nº medio de licencias;2007;35,6
Esquí Náutico y Wakeboard;Nº de clubs;2024;11
Esquí Náutico y Wakeboard;Nº de clubs;2023;10
Esquí Náutico y Wakeboard;Nº de clubs;2022;13
Esquí Náutico y Wakeboard;Nº de clubs;2021;13
Esquí Náutico y Wakeboard;Nº de clubs;2020;12
Esquí Náutico y Wakeboard;Nº de clubs;2019;15
Esquí Náutico y Wakeboard;Nº de clubs;2018;14
Esquí Náutico y Wakeboard;Nº de clubs;2017;17
Esquí Náutico y Wakeboard;Nº de clubs;2016;25
Esquí Náutico y Wakeboard;Nº de clubs;2015;30
Esquí Náutico y Wakeboard;Nº de clubs;2014;31
Esquí Náutico y Wakeboard;Nº de clubs;2013;32
Esquí Náutico y Wakeboard;Nº de clubs;2012;34
Esquí Náutico y Wakeboard;Nº de clubs;2011;26
Esquí Náutico y Wakeboard;Nº de clubs;2010;26
Esquí Náutico y Wakeboard;Nº de clubs;2009;33
Esquí Náutico y Wakeboard;Nº de clubs;2008;34
Esquí Náutico y Wakeboard;Nº de clubs;2007;41
Esquí Náutico y Wakeboard;Nº medio de licencias;2024;72,5
Esquí Náutico y Wakeboard;Nº medio de licencias;2023;81,4
Esquí Náutico y Wakeboard;Nº medio de licencias;2022;60,5
Esquí Náutico y Wakeboard;Nº medio de licencias;2021;62,8
Esquí Náutico y Wakeboard;Nº medio de licencias;2020;56,8
Esquí Náutico y Wakeboard;Nº medio de licencias;2019;41,4
Esquí Náutico y Wakeboard;Nº medio de licencias;2018;60,9
Esquí Náutico y Wakeboard;Nº medio de licencias;2017;51,0
Esquí Náutico y Wakeboard;Nº medio de licencias;2016;32,0
Esquí Náutico y Wakeboard;Nº medio de licencias;2015;24,1
Esquí Náutico y Wakeboard;Nº medio de licencias;2014;24,1
Esquí Náutico y Wakeboard;Nº medio de licencias;2013;19,8
Esquí Náutico y Wakeboard;Nº medio de licencias;2012;22,2
Esquí Náutico y Wakeboard;Nº medio de licencias;2011;44,7
Esquí Náutico y Wakeboard;Nº medio de licencias;2010;66,2
Esquí Náutico y Wakeboard;Nº medio de licencias;2009;59,7
Esquí Náutico y Wakeboard;Nº medio de licencias;2008;49,6
Esquí Náutico y Wakeboard;Nº medio de licencias;2007;37,8
Fútbol;Nº de clubs;2024;30.862
Fútbol;Nº de clubs;2023;30.188
Fútbol;Nº de clubs;2022;30.052
Fútbol;Nº de clubs;2021;31.166
Fútbol;Nº de clubs;2020;29.205
Fútbol;Nº de clubs;2019;28.451
Fútbol;Nº de clubs;2018;32.327
Fútbol;Nº de clubs;2017;21.148
Fútbol;Nº de clubs;2016;20.588
Fútbol;Nº de clubs;2015;21.831
Fútbol;Nº de clubs;2014;21.649
Fútbol;Nº de clubs;2013;21.584
Fútbol;Nº de clubs;2012;21.027
Fútbol;Nº de clubs;2011;19.585
Fútbol;Nº de clubs;2010;19.687
Fútbol;Nº de clubs;2009;19.099
Fútbol;Nº de clubs;2008;18.680
Fútbol;Nº de clubs;2007;18.286
Fútbol;Nº medio de licencias;2024;40,8
Fútbol;Nº medio de licencias;2023;41,4
Fútbol;Nº medio de licencias;2022;37,9
Fútbol;Nº medio de licencias;2021;29,1
Fútbol;Nº medio de licencias;2020;36,8
Fútbol;Nº medio de licencias;2019;38,5
Fútbol;Nº medio de licencias;2018;32,9
Fútbol;Nº medio de licencias;2017;48,6
Fútbol;Nº medio de licencias;2016;45,8
Fútbol;Nº medio de licencias;2015;41,7
Fútbol;Nº medio de licencias;2014;40,4
Fútbol;Nº medio de licencias;2013;39,7
Fútbol;Nº medio de licencias;2012;41,3
Fútbol;Nº medio de licencias;2011;42,6
Fútbol;Nº medio de licencias;2010;40,9
Fútbol;Nº medio de licencias;2009;40,8
Fútbol;Nº medio de licencias;2008;41,2
Fútbol;Nº medio de licencias;2007;40,2
Fútbol Americano;Nº de clubs;2024;110
Fútbol Americano;Nº de clubs;2023;105
Fútbol Americano;Nº de clubs;2022;105
Fútbol Americano;Nº de clubs;2021;82
Fútbol Americano;Nº de clubs;2020;104
Fútbol Americano;Nº de clubs;2019;162
Fútbol Americano;Nº de clubs;2018;156
Fútbol Americano;Nº de clubs;2017;148
Fútbol Americano;Nº de clubs;2016;135
Fútbol Americano;Nº de clubs;2015;110
Fútbol Americano;Nº de clubs;2014;106
Fútbol Americano;Nº de clubs;2013;86
Fútbol Americano;Nº de clubs;2012;114
Fútbol Americano;Nº de clubs;2011;107
Fútbol Americano;Nº de clubs;2010;101
Fútbol Americano;Nº de clubs;2009;104
Fútbol Americano;Nº de clubs;2008;99
Fútbol Americano;Nº de clubs;2007;100
Fútbol Americano;Nº medio de licencias;2024;47,8
Fútbol Americano;Nº medio de licencias;2023;52,8
Fútbol Americano;Nº medio de licencias;2022;50,8
Fútbol Americano;Nº medio de licencias;2021;53,8
Fútbol Americano;Nº medio de licencias;2020;53,1
Fútbol Americano;Nº medio de licencias;2019;45,4
Fútbol Americano;Nº medio de licencias;2018;45,4
Fútbol Americano;Nº medio de licencias;2017;43,3
Fútbol Americano;Nº medio de licencias;2016;43,8
Fútbol Americano;Nº medio de licencias;2015;46,6
Fútbol Americano;Nº medio de licencias;2014;45,6
Fútbol Americano;Nº medio de licencias;2013;51,9
Fútbol Americano;Nº medio de licencias;2012;49,3
Fútbol Americano;Nº medio de licencias;2011;53,0
Fútbol Americano;Nº medio de licencias;2010;59,0
Fútbol Americano;Nº medio de licencias;2009;55,4
Fútbol Americano;Nº medio de licencias;2008;54,0
Fútbol Americano;Nº medio de licencias;2007;51,0
Galgos;Nº de clubs;2024;536
Galgos;Nº de clubs;2023;521
Galgos;Nº de clubs;2022;513
Galgos;Nº de clubs;2021;513
Galgos;Nº de clubs;2020;516
Galgos;Nº de clubs;2019;500
Galgos;Nº de clubs;2018;502
Galgos;Nº de clubs;2017;494
Galgos;Nº de clubs;2016;494
Galgos;Nº de clubs;2015;478
Galgos;Nº de clubs;2014;506
Galgos;Nº de clubs;2013;547
Galgos;Nº de clubs;2012;609
Galgos;Nº de clubs;2011;626
Galgos;Nº de clubs;2010;641
Galgos;Nº de clubs;2009;648
Galgos;Nº de clubs;2008;599
Galgos;Nº de clubs;2007;555
Galgos;Nº medio de licencias;2024;23,1
Galgos;Nº medio de licencias;2023;23,6
Galgos;Nº medio de licencias;2022;24,1
Galgos;Nº medio de licencias;2021;23,9
Galgos;Nº medio de licencias;2020;23,2
Galgos;Nº medio de licencias;2019;25,0
Galgos;Nº medio de licencias;2018;24,3
Galgos;Nº medio de licencias;2017;23,5
Galgos;Nº medio de licencias;2016;22,7
Galgos;Nº medio de licencias;2015;21,6
Galgos;Nº medio de licencias;2014;20,1
Galgos;Nº medio de licencias;2013;18,6
Galgos;Nº medio de licencias;2012;21,0
Galgos;Nº medio de licencias;2011;23,3
Galgos;Nº medio de licencias;2010;20,7
Galgos;Nº medio de licencias;2009;21,2
Galgos;Nº medio de licencias;2008;19,9
Galgos;Nº medio de licencias;2007;20,3
Gimnasia;Nº de clubs;2024;1.716
Gimnasia;Nº de clubs;2023;1.094
Gimnasia;Nº de clubs;2022;1.067
Gimnasia;Nº de clubs;2021;1.009
Gimnasia;Nº de clubs;2020;1.125
Gimnasia;Nº de clubs;2019;1.119
Gimnasia;Nº de clubs;2018;1.054
Gimnasia;Nº de clubs;2017;1.012
Gimnasia;Nº de clubs;2016;746
Gimnasia;Nº de clubs;2015;855
Gimnasia;Nº de clubs;2014;514
Gimnasia;Nº de clubs;2013;434
Gimnasia;Nº de clubs;2012;442
Gimnasia;Nº de clubs;2011;707
Gimnasia;Nº de clubs;2010;655
Gimnasia;Nº de clubs;2009;589
Gimnasia;Nº de clubs;2008;425
Gimnasia;Nº de clubs;2007;424
Gimnasia;Nº medio de licencias;2024;29,3
Gimnasia;Nº medio de licencias;2023;43,5
Gimnasia;Nº medio de licencias;2022;43,9
Gimnasia;Nº medio de licencias;2021;46,9
Gimnasia;Nº medio de licencias;2020;44,3
Gimnasia;Nº medio de licencias;2019;41,0
Gimnasia;Nº medio de licencias;2018;47,2
Gimnasia;Nº medio de licencias;2017;45,3
Gimnasia;Nº medio de licencias;2016;53,7
Gimnasia;Nº medio de licencias;2015;45,4
Gimnasia;Nº medio de licencias;2014;46,8
Gimnasia;Nº medio de licencias;2013;71,0
Gimnasia;Nº medio de licencias;2012;67,1
Gimnasia;Nº medio de licencias;2011;33,8
Gimnasia;Nº medio de licencias;2010;38,5
Gimnasia;Nº medio de licencias;2009;31,6
Gimnasia;Nº medio de licencias;2008;23,0
Gimnasia;Nº medio de licencias;2007;21,9
Golf;Nº de clubs;2024;597
Golf;Nº de clubs;2023;601
Golf;Nº de clubs;2022;598
Golf;Nº de clubs;2021;596
Golf;Nº de clubs;2020;596
Golf;Nº de clubs;2019;592
Golf;Nº de clubs;2018;587
Golf;Nº de clubs;2017;589
Golf;Nº de clubs;2016;594
Golf;Nº de clubs;2015;591
Golf;Nº de clubs;2014;600
Golf;Nº de clubs;2013;591
Golf;Nº de clubs;2012;591
Golf;Nº de clubs;2011;596
Golf;Nº de clubs;2010;594
Golf;Nº de clubs;2009;576
Golf;Nº de clubs;2008;552
Golf;Nº de clubs;2007;515
Golf;Nº medio de licencias;2024;511,9
Golf;Nº medio de licencias;2023;494,2
Golf;Nº medio de licencias;2022;490,6
Golf;Nº medio de licencias;2021;477,8
Golf;Nº medio de licencias;2020;455,7
Golf;Nº medio de licencias;2019;455,6
Golf;Nº medio de licencias;2018;461,7
Golf;Nº medio de licencias;2017;459,2
Golf;Nº medio de licencias;2016;457,7
Golf;Nº medio de licencias;2015;467,3
Golf;Nº medio de licencias;2014;473,1
Golf;Nº medio de licencias;2013;499,0
Golf;Nº medio de licencias;2012;531,0
Golf;Nº medio de licencias;2011;545,6
Golf;Nº medio de licencias;2010;561,0
Golf;Nº medio de licencias;2009;585,3
Golf;Nº medio de licencias;2008;601,4
Golf;Nº medio de licencias;2007;613,7
Halterofilia;Nº de clubs;2024;270
Halterofilia;Nº de clubs;2023;210
Halterofilia;Nº de clubs;2022;161
Halterofilia;Nº de clubs;2021;175
Halterofilia;Nº de clubs;2020;101
Halterofilia;Nº de clubs;2019;135
Halterofilia;Nº de clubs;2018;115
Halterofilia;Nº de clubs;2017;100
Halterofilia;Nº de clubs;2016;99
Halterofilia;Nº de clubs;2015;89
Halterofilia;Nº de clubs;2014;91
Halterofilia;Nº de clubs;2013;94
Halterofilia;Nº de clubs;2012;90
Halterofilia;Nº de clubs;2011;92
Halterofilia;Nº de clubs;2010;83
Halterofilia;Nº de clubs;2009;84
Halterofilia;Nº de clubs;2008;91
Halterofilia;Nº de clubs;2007;91
Halterofilia;Nº medio de licencias;2024;15,5
Halterofilia;Nº medio de licencias;2023;18,8
Halterofilia;Nº medio de licencias;2022;24,0
Halterofilia;Nº medio de licencias;2021;37,5
Halterofilia;Nº medio de licencias;2020;28,7
Halterofilia;Nº medio de licencias;2019;24,6
Halterofilia;Nº medio de licencias;2018;25,7
Halterofilia;Nº medio de licencias;2017;25,7
Halterofilia;Nº medio de licencias;2016;28,6
Halterofilia;Nº medio de licencias;2015;25,8
Halterofilia;Nº medio de licencias;2014;24,7
Halterofilia;Nº medio de licencias;2013;23,9
Halterofilia;Nº medio de licencias;2012;21,9
Halterofilia;Nº medio de licencias;2011;27,1
Halterofilia;Nº medio de licencias;2010;28,7
Halterofilia;Nº medio de licencias;2009;26,0
Halterofilia;Nº medio de licencias;2008;23,9
Halterofilia;Nº medio de licencias;2007;23,8
Hípica;Nº de clubs;2024;827
Hípica;Nº de clubs;2023;820
Hípica;Nº de clubs;2022;847
Hípica;Nº de clubs;2021;810
Hípica;Nº de clubs;2020;797
Hípica;Nº de clubs;2019;837
Hípica;Nº de clubs;2018;882
Hípica;Nº de clubs;2017;835
Hípica;Nº de clubs;2016;824
Hípica;Nº de clubs;2015;799
Hípica;Nº de clubs;2014;820
Hípica;Nº de clubs;2013;766
Hípica;Nº de clubs;2012;788
Hípica;Nº de clubs;2011;770
Hípica;Nº de clubs;2010;685
Hípica;Nº de clubs;2009;723
Hípica;Nº de clubs;2008;592
Hípica;Nº de clubs;2007;483
Hípica;Nº medio de licencias;2024;74,1
Hípica;Nº medio de licencias;2023;79,4
Hípica;Nº medio de licencias;2022;81,2
Hípica;Nº medio de licencias;2021;90,1
Hípica;Nº medio de licencias;2020;77,8
Hípica;Nº medio de licencias;2019;62,6
Hípica;Nº medio de licencias;2018;57,6
Hípica;Nº medio de licencias;2017;61,5
Hípica;Nº medio de licencias;2016;61,5
Hípica;Nº medio de licencias;2015;60,4
Hípica;Nº medio de licencias;2014;58,7
Hípica;Nº medio de licencias;2013;62,4
Hípica;Nº medio de licencias;2012;66,0
Hípica;Nº medio de licencias;2011;68,9
Hípica;Nº medio de licencias;2010;72,9
Hípica;Nº medio de licencias;2009;58,9
Hípica;Nº medio de licencias;2008;66,7
Hípica;Nº medio de licencias;2007;69,8
Hockey;Nº de clubs;2024;119
Hockey;Nº de clubs;2023;131
Hockey;Nº de clubs;2022;128
Hockey;Nº de clubs;2021;121
Hockey;Nº de clubs;2020;125
Hockey;Nº de clubs;2019;140
Hockey;Nº de clubs;2018;116
Hockey;Nº de clubs;2017;125
Hockey;Nº de clubs;2016;132
Hockey;Nº de clubs;2015;138
Hockey;Nº de clubs;2014;123
Hockey;Nº de clubs;2013;115
Hockey;Nº de clubs;2012;107
Hockey;Nº de clubs;2011;100
Hockey;Nº de clubs;2010;100
Hockey;Nº de clubs;2009;106
Hockey;Nº de clubs;2008;101
Hockey;Nº de clubs;2007;114
Hockey;Nº medio de licencias;2024;139,2
Hockey;Nº medio de licencias;2023;127,7
Hockey;Nº medio de licencias;2022;130,9
Hockey;Nº medio de licencias;2021;124,6
Hockey;Nº medio de licencias;2020;130,2
Hockey;Nº medio de licencias;2019;117,2
Hockey;Nº medio de licencias;2018;139,7
Hockey;Nº medio de licencias;2017;118,8
Hockey;Nº medio de licencias;2016;108,6
Hockey;Nº medio de licencias;2015;95,8
Hockey;Nº medio de licencias;2014;107,1
Hockey;Nº medio de licencias;2013;103,5
Hockey;Nº medio de licencias;2012;99,3
Hockey;Nº medio de licencias;2011;98,5
Hockey;Nº medio de licencias;2010;108,3
Hockey;Nº medio de licencias;2009;92,7
Hockey;Nº medio de licencias;2008;93,4
Hockey;Nº medio de licencias;2007;67,3
Judo;Nº de clubs;2024;1.211
Judo;Nº de clubs;2023;1.203
Judo;Nº de clubs;2022;1.124
Judo;Nº de clubs;2021;943
Judo;Nº de clubs;2020;1.009
Judo;Nº de clubs;2019;1.033
Judo;Nº de clubs;2018;1.024
Judo;Nº de clubs;2017;1.025
Judo;Nº de clubs;2016;1.023
Judo;Nº de clubs;2015;1.013
Judo;Nº de clubs;2014;1.001
Judo;Nº de clubs;2013;996
Judo;Nº de clubs;2012;901
Judo;Nº de clubs;2011;945
Judo;Nº de clubs;2010;927
Judo;Nº de clubs;2009;956
Judo;Nº de clubs;2008;955
Judo;Nº de clubs;2007;960
Judo;Nº medio de licencias;2024;69,7
Judo;Nº medio de licencias;2023;81,7
Judo;Nº medio de licencias;2022;87,9
Judo;Nº medio de licencias;2021;64,8
Judo;Nº medio de licencias;2020;96,2
Judo;Nº medio de licencias;2019;104,7
Judo;Nº medio de licencias;2018;102,7
Judo;Nº medio de licencias;2017;102,8
Judo;Nº medio de licencias;2016;102,6
Judo;Nº medio de licencias;2015;103,5
Judo;Nº medio de licencias;2014;104,2
Judo;Nº medio de licencias;2013;106,9
Judo;Nº medio de licencias;2012;118,5
Judo;Nº medio de licencias;2011;114,4
Judo;Nº medio de licencias;2010;116,3
Judo;Nº medio de licencias;2009;113,9
Judo;Nº medio de licencias;2008;114,9
Judo;Nº medio de licencias;2007;112,2
Kárate;Nº de clubs;2024;1.416
Kárate;Nº de clubs;2023;1.388
Kárate;Nº de clubs;2022;1.364
Kárate;Nº de clubs;2021;1.299
Kárate;Nº de clubs;2020;1.405
Kárate;Nº de clubs;2019;1.441
Kárate;Nº de clubs;2018;1.438
Kárate;Nº de clubs;2017;1.431
Kárate;Nº de clubs;2016;1.458
Kárate;Nº de clubs;2015;1.422
Kárate;Nº de clubs;2014;1.283
Kárate;Nº de clubs;2013;1.376
Kárate;Nº de clubs;2012;1.395
Kárate;Nº de clubs;2011;1.405
Kárate;Nº de clubs;2010;1.355
Kárate;Nº de clubs;2009;1.384
Kárate;Nº de clubs;2008;1.392
Kárate;Nº de clubs;2007;891
Kárate;Nº medio de licencias;2024;56,7
Kárate;Nº medio de licencias;2023;57,0
Kárate;Nº medio de licencias;2022;55,1
Kárate;Nº medio de licencias;2021;43,1
Kárate;Nº medio de licencias;2020;47,1
Kárate;Nº medio de licencias;2019;52,3
Kárate;Nº medio de licencias;2018;50,7
Kárate;Nº medio de licencias;2017;49,1
Kárate;Nº medio de licencias;2016;44,5
Kárate;Nº medio de licencias;2015;45,9
Kárate;Nº medio de licencias;2014;46,0
Kárate;Nº medio de licencias;2013;44,6
Kárate;Nº medio de licencias;2012;44,2
Kárate;Nº medio de licencias;2011;50,8
Kárate;Nº medio de licencias;2010;51,6
Kárate;Nº medio de licencias;2009;48,9
Kárate;Nº medio de licencias;2008;48,4
Kárate;Nº medio de licencias;2007;63,4
Kickboxing y Muaythai;Nº de clubs;2024;591
Kickboxing y Muaythai;Nº de clubs;2023;586
Kickboxing y Muaythai;Nº de clubs;2022;562
Kickboxing y Muaythai;Nº de clubs;2021;494
Kickboxing y Muaythai;Nº de clubs;2020;469
Kickboxing y Muaythai;Nº de clubs;2019;491
Kickboxing y Muaythai;Nº de clubs;2018;498
Kickboxing y Muaythai;Nº de clubs;2017;447
Kickboxing y Muaythai;Nº de clubs;2016;353
Kickboxing y Muaythai;Nº de clubs;2015;97
Kickboxing y Muaythai;Nº de clubs;2014;114
Kickboxing y Muaythai;Nº de clubs;2013;106
Kickboxing y Muaythai;Nº de clubs;2012;167
Kickboxing y Muaythai;Nº de clubs;2011;155
Kickboxing y Muaythai;Nº de clubs;2010;151
Kickboxing y Muaythai;Nº de clubs;2009;177
Kickboxing y Muaythai;Nº de clubs;2008;167
Kickboxing y Muaythai;Nº de clubs;2007;170
Kickboxing y Muaythai;Nº medio de licencias;2024;25,2
Kickboxing y Muaythai;Nº medio de licencias;2023;23,6
Kickboxing y Muaythai;Nº medio de licencias;2022;23,1
Kickboxing y Muaythai;Nº medio de licencias;2021;26,3
Kickboxing y Muaythai;Nº medio de licencias;2020;20,3
Kickboxing y Muaythai;Nº medio de licencias;2019;22,0
Kickboxing y Muaythai;Nº medio de licencias;2018;20,4
Kickboxing y Muaythai;Nº medio de licencias;2017;20,5
Kickboxing y Muaythai;Nº medio de licencias;2016;26,9
Kickboxing y Muaythai;Nº medio de licencias;2015;18,6
Kickboxing y Muaythai;Nº medio de licencias;2014;19,2
Kickboxing y Muaythai;Nº medio de licencias;2013;19,2
Kickboxing y Muaythai;Nº medio de licencias;2012;17,6
Kickboxing y Muaythai;Nº medio de licencias;2011;20,4
Kickboxing y Muaythai;Nº medio de licencias;2010;21,3
Kickboxing y Muaythai;Nº medio de licencias;2009;16,4
Kickboxing y Muaythai;Nº medio de licencias;2008;16,6
Kickboxing y Muaythai;Nº medio de licencias;2007;14,5
Luchas Olímpicas;Nº de clubs;2024;603
Luchas Olímpicas;Nº de clubs;2023;614
Luchas Olímpicas;Nº de clubs;2022;615
Luchas Olímpicas;Nº de clubs;2021;611
Luchas Olímpicas;Nº de clubs;2020;482
Luchas Olímpicas;Nº de clubs;2019;478
Luchas Olímpicas;Nº de clubs;2018;303
Luchas Olímpicas;Nº de clubs;2017;267
Luchas Olímpicas;Nº de clubs;2016;217
Luchas Olímpicas;Nº de clubs;2015;207
Luchas Olímpicas;Nº de clubs;2014;230
Luchas Olímpicas;Nº de clubs;2013;237
Luchas Olímpicas;Nº de clubs;2012;88
Luchas Olímpicas;Nº de clubs;2011;136
Luchas Olímpicas;Nº de clubs;2010;134
Luchas Olímpicas;Nº de clubs;2009;168
Luchas Olímpicas;Nº de clubs;2008;172
Luchas Olímpicas;Nº de clubs;2007;121
Luchas Olímpicas;Nº medio de licencias;2024;31,9
Luchas Olímpicas;Nº medio de licencias;2023;31,7
Luchas Olímpicas;Nº medio de licencias;2022;26,1
Luchas Olímpicas;Nº medio de licencias;2021;24,2
Luchas Olímpicas;Nº medio de licencias;2020;19,9
Luchas Olímpicas;Nº medio de licencias;2019;22,6
Luchas Olímpicas;Nº medio de licencias;2018;33,3
Luchas Olímpicas;Nº medio de licencias;2017;30,0
Luchas Olímpicas;Nº medio de licencias;2016;28,5
Luchas Olímpicas;Nº medio de licencias;2015;48,3
Luchas Olímpicas;Nº medio de licencias;2014;50,1
Luchas Olímpicas;Nº medio de licencias;2013;52,2
Luchas Olímpicas;Nº medio de licencias;2012;68,8
Luchas Olímpicas;Nº medio de licencias;2011;79,2
Luchas Olímpicas;Nº medio de licencias;2010;82,2
Luchas Olímpicas;Nº medio de licencias;2009;62,6
Luchas Olímpicas;Nº medio de licencias;2008;67,9
Luchas Olímpicas;Nº medio de licencias;2007;67,1
Montaña y Escalada;Nº de clubs;2024;2.994
Montaña y Escalada;Nº de clubs;2023;2.949
Montaña y Escalada;Nº de clubs;2022;2.976
Montaña y Escalada;Nº de clubs;2021;2.950
Montaña y Escalada;Nº de clubs;2020;2.909
Montaña y Escalada;Nº de clubs;2019;2.845
Montaña y Escalada;Nº de clubs;2018;2.807
Montaña y Escalada;Nº de clubs;2017;2.748
Montaña y Escalada;Nº de clubs;2016;2.631
Montaña y Escalada;Nº de clubs;2015;2.475
Montaña y Escalada;Nº de clubs;2014;2.263
Montaña y Escalada;Nº de clubs;2013;2.083
Montaña y Escalada;Nº de clubs;2012;1.949
Montaña y Escalada;Nº de clubs;2011;1.801
Montaña y Escalada;Nº de clubs;2010;1.659
Montaña y Escalada;Nº de clubs;2009;1.565
Montaña y Escalada;Nº de clubs;2008;1.488
Montaña y Escalada;Nº de clubs;2007;1.423
Montaña y Escalada;Nº medio de licencias;2024;95,9
Montaña y Escalada;Nº medio de licencias;2023;97,5
Montaña y Escalada;Nº medio de licencias;2022;97,3
Montaña y Escalada;Nº medio de licencias;2021;92,7
Montaña y Escalada;Nº medio de licencias;2020;85,6
Montaña y Escalada;Nº medio de licencias;2019;87,3
Montaña y Escalada;Nº medio de licencias;2018;83,1
Montaña y Escalada;Nº medio de licencias;2017;86,5
Montaña y Escalada;Nº medio de licencias;2016;84,6
Montaña y Escalada;Nº medio de licencias;2015;82,4
Montaña y Escalada;Nº medio de licencias;2014;83,2
Montaña y Escalada;Nº medio de licencias;2013;81,2
Montaña y Escalada;Nº medio de licencias;2012;80,0
Montaña y Escalada;Nº medio de licencias;2011;82,5
Montaña y Escalada;Nº medio de licencias;2010;84,0
Montaña y Escalada;Nº medio de licencias;2009;80,3
Montaña y Escalada;Nº medio de licencias;2008;77,3
Montaña y Escalada;Nº medio de licencias;2007;77,0
Motociclismo;Nº de clubs;2024;1.244
Motociclismo;Nº de clubs;2023;1.163
Motociclismo;Nº de clubs;2022;1.068
Motociclismo;Nº de clubs;2021;1.028
Motociclismo;Nº de clubs;2020;819
Motociclismo;Nº de clubs;2019;771
Motociclismo;Nº de clubs;2018;872
Motociclismo;Nº de clubs;2017;877
Motociclismo;Nº de clubs;2016;883
Motociclismo;Nº de clubs;2015;894
Motociclismo;Nº de clubs;2014;830
Motociclismo;Nº de clubs;2013;946
Motociclismo;Nº de clubs;2012;386
Motociclismo;Nº de clubs;2011;390
Motociclismo;Nº de clubs;2010;347
Motociclismo;Nº de clubs;2009;360
Motociclismo;Nº de clubs;2008;456
Motociclismo;Nº de clubs;2007;454
Motociclismo;Nº medio de licencias;2024;13,4
Motociclismo;Nº medio de licencias;2023;15,0
Motociclismo;Nº medio de licencias;2022;18,0
Motociclismo;Nº medio de licencias;2021;13,1
Motociclismo;Nº medio de licencias;2020;15,2
Motociclismo;Nº medio de licencias;2019;19,4
Motociclismo;Nº medio de licencias;2018;16,8
Motociclismo;Nº medio de licencias;2017;17,5
Motociclismo;Nº medio de licencias;2016;18,6
Motociclismo;Nº medio de licencias;2015;22,3
Motociclismo;Nº medio de licencias;2014;17,1
Motociclismo;Nº medio de licencias;2013;18,8
Motociclismo;Nº medio de licencias;2012;36,8
Motociclismo;Nº medio de licencias;2011;39,2
Motociclismo;Nº medio de licencias;2010;52,6
Motociclismo;Nº medio de licencias;2009;48,3
Motociclismo;Nº medio de licencias;2008;44,1
Motociclismo;Nº medio de licencias;2007;39,8
Motonáutica;Nº de clubs;2024;233
Motonáutica;Nº de clubs;2023;233
Motonáutica;Nº de clubs;2022;230
Motonáutica;Nº de clubs;2021;230
Motonáutica;Nº de clubs;2020;222
Motonáutica;Nº de clubs;2019;221
Motonáutica;Nº de clubs;2018;217
Motonáutica;Nº de clubs;2017;209
Motonáutica;Nº de clubs;2016;207
Motonáutica;Nº de clubs;2015;218
Motonáutica;Nº de clubs;2014;214
Motonáutica;Nº de clubs;2013;208
Motonáutica;Nº de clubs;2012;203
Motonáutica;Nº de clubs;2011;202
Motonáutica;Nº de clubs;2010;194
Motonáutica;Nº de clubs;2009;190
Motonáutica;Nº de clubs;2008;190
Motonáutica;Nº de clubs;2007;190
Motonáutica;Nº medio de licencias;2024;1,9
Motonáutica;Nº medio de licencias;2023;1,8
Motonáutica;Nº medio de licencias;2022;1,8
Motonáutica;Nº medio de licencias;2021;2,2
Motonáutica;Nº medio de licencias;2020;1,8
Motonáutica;Nº medio de licencias;2019;2,1
Motonáutica;Nº medio de licencias;2018;2,1
Motonáutica;Nº medio de licencias;2017;1,6
Motonáutica;Nº medio de licencias;2016;1,8
Motonáutica;Nº medio de licencias;2015;2,6
Motonáutica;Nº medio de licencias;2014;2,4
Motonáutica;Nº medio de licencias;2013;2,4
Motonáutica;Nº medio de licencias;2012;2,5
Motonáutica;Nº medio de licencias;2011;4,0
Motonáutica;Nº medio de licencias;2010;5,1
Motonáutica;Nº medio de licencias;2009;5,5
Motonáutica;Nº medio de licencias;2008;7,2
Motonáutica;Nº medio de licencias;2007;5,1
Natación;Nº de clubs;2024;800
Natación;Nº de clubs;2023;790
Natación;Nº de clubs;2022;781
Natación;Nº de clubs;2021;792
Natación;Nº de clubs;2020;862
Natación;Nº de clubs;2019;846
Natación;Nº de clubs;2018;853
Natación;Nº de clubs;2017;794
Natación;Nº de clubs;2016;792
Natación;Nº de clubs;2015;770
Natación;Nº de clubs;2014;754
Natación;Nº de clubs;2013;723
Natación;Nº de clubs;2012;722
Natación;Nº de clubs;2011;731
Natación;Nº de clubs;2010;787
Natación;Nº de clubs;2009;732
Natación;Nº de clubs;2008;763
Natación;Nº de clubs;2007;624
Natación;Nº medio de licencias;2024;87,7
Natación;Nº medio de licencias;2023;88,3
Natación;Nº medio de licencias;2022;85,5
Natación;Nº medio de licencias;2021;75,2
Natación;Nº medio de licencias;2020;78,2
Natación;Nº medio de licencias;2019;82,1
Natación;Nº medio de licencias;2018;79,6
Natación;Nº medio de licencias;2017;80,8
Natación;Nº medio de licencias;2016;79,8
Natación;Nº medio de licencias;2015;82,7
Natación;Nº medio de licencias;2014;78,4
Natación;Nº medio de licencias;2013;84,7
Natación;Nº medio de licencias;2012;82,9
Natación;Nº medio de licencias;2011;75,5
Natación;Nº medio de licencias;2010;72,1
Natación;Nº medio de licencias;2009;74,8
Natación;Nº medio de licencias;2008;67,3
Natación;Nº medio de licencias;2007;73,2
Orientación;Nº de clubs;2024;163
Orientación;Nº de clubs;2023;160
Orientación;Nº de clubs;2022;165
Orientación;Nº de clubs;2021;171
Orientación;Nº de clubs;2020;170
Orientación;Nº de clubs;2019;172
Orientación;Nº de clubs;2018;174
Orientación;Nº de clubs;2017;195
Orientación;Nº de clubs;2016;187
Orientación;Nº de clubs;2015;175
Orientación;Nº de clubs;2014;159
Orientación;Nº de clubs;2013;148
Orientación;Nº de clubs;2012;144
Orientación;Nº de clubs;2011;130
Orientación;Nº de clubs;2010;129
Orientación;Nº de clubs;2009;128
Orientación;Nº de clubs;2008;124
Orientación;Nº de clubs;2007;117
Orientación;Nº medio de licencias;2024;34,7
Orientación;Nº medio de licencias;2023;34,1
Orientación;Nº medio de licencias;2022;33,2
Orientación;Nº medio de licencias;2021;30,0
Orientación;Nº medio de licencias;2020;59,2
Orientación;Nº medio de licencias;2019;114,0
Orientación;Nº medio de licencias;2018;109,3
Orientación;Nº medio de licencias;2017;94,9
Orientación;Nº medio de licencias;2016;78,9
Orientación;Nº medio de licencias;2015;84,6
Orientación;Nº medio de licencias;2014;111,6
Orientación;Nº medio de licencias;2013;127,9
Orientación;Nº medio de licencias;2012;131,0
Orientación;Nº medio de licencias;2011;141,0
Orientación;Nº medio de licencias;2010;108,6
Orientación;Nº medio de licencias;2009;114,0
Orientación;Nº medio de licencias;2008;83,4
Orientación;Nº medio de licencias;2007;87,3
Pádel;Nº de clubs;2024;1.326
Pádel;Nº de clubs;2023;1.267
Pádel;Nº de clubs;2022;1.249
Pádel;Nº de clubs;2021;1.286
Pádel;Nº de clubs;2020;1.119
Pádel;Nº de clubs;2019;1.258
Pádel;Nº de clubs;2018;1.162
Pádel;Nº de clubs;2017;1.158
Pádel;Nº de clubs;2016;1.131
Pádel;Nº de clubs;2015;1.022
Pádel;Nº de clubs;2014;1.062
Pádel;Nº de clubs;2013;788
Pádel;Nº de clubs;2012;593
Pádel;Nº de clubs;2011;508
Pádel;Nº de clubs;2010;437
Pádel;Nº de clubs;2009;336
Pádel;Nº de clubs;2008;300
Pádel;Nº de clubs;2007;285
Pádel;Nº medio de licencias;2024;82,2
Pádel;Nº medio de licencias;2023;80,0
Pádel;Nº medio de licencias;2022;77,3
Pádel;Nº medio de licencias;2021;75,1
Pádel;Nº medio de licencias;2020;67,5
Pádel;Nº medio de licencias;2019;60,3
Pádel;Nº medio de licencias;2018;62,2
Pádel;Nº medio de licencias;2017;59,4
Pádel;Nº medio de licencias;2016;51,6
Pádel;Nº medio de licencias;2015;55,1
Pádel;Nº medio de licencias;2014;46,6
Pádel;Nº medio de licencias;2013;55,0
Pádel;Nº medio de licencias;2012;66,9
Pádel;Nº medio de licencias;2011;68,5
Pádel;Nº medio de licencias;2010;72,1
Pádel;Nº medio de licencias;2009;79,5
Pádel;Nº medio de licencias;2008;77,9
Pádel;Nº medio de licencias;2007;71,4
Patinaje;Nº de clubs;2024;1.443
Patinaje;Nº de clubs;2023;1.461
Patinaje;Nº de clubs;2022;1.385
Patinaje;Nº de clubs;2021;1.418
Patinaje;Nº de clubs;2020;1.495
Patinaje;Nº de clubs;2019;1.465
Patinaje;Nº de clubs;2018;1.381
Patinaje;Nº de clubs;2017;1.196
Patinaje;Nº de clubs;2016;1.402
Patinaje;Nº de clubs;2015;1.067
Patinaje;Nº de clubs;2014;1.046
Patinaje;Nº de clubs;2013;966
Patinaje;Nº de clubs;2012;967
Patinaje;Nº de clubs;2011;842
Patinaje;Nº de clubs;2010;795
Patinaje;Nº de clubs;2009;702
Patinaje;Nº de clubs;2008;741
Patinaje;Nº de clubs;2007;584
Patinaje;Nº medio de licencias;2024;53,5
Patinaje;Nº medio de licencias;2023;51,4
Patinaje;Nº medio de licencias;2022;51,4
Patinaje;Nº medio de licencias;2021;46,6
Patinaje;Nº medio de licencias;2020;43,6
Patinaje;Nº medio de licencias;2019;44,9
Patinaje;Nº medio de licencias;2018;46,9
Patinaje;Nº medio de licencias;2017;50,5
Patinaje;Nº medio de licencias;2016;41,4
Patinaje;Nº medio de licencias;2015;47,6
Patinaje;Nº medio de licencias;2014;45,4
Patinaje;Nº medio de licencias;2013;46,8
Patinaje;Nº medio de licencias;2012;41,5
Patinaje;Nº medio de licencias;2011;50,2
Patinaje;Nº medio de licencias;2010;50,4
Patinaje;Nº medio de licencias;2009;51,5
Patinaje;Nº medio de licencias;2008;49,0
Patinaje;Nº medio de licencias;2007;52,8
Pelota;Nº de clubs;2024;314
Pelota;Nº de clubs;2023;326
Pelota;Nº de clubs;2022;573
Pelota;Nº de clubs;2021;489
Pelota;Nº de clubs;2020;586
Pelota;Nº de clubs;2019;583
Pelota;Nº de clubs;2018;534
Pelota;Nº de clubs;2017;529
Pelota;Nº de clubs;2016;575
Pelota;Nº de clubs;2015;684
Pelota;Nº de clubs;2014;695
Pelota;Nº de clubs;2013;447
Pelota;Nº de clubs;2012;606
Pelota;Nº de clubs;2011;495
Pelota;Nº de clubs;2010;514
Pelota;Nº de clubs;2009;550
Pelota;Nº de clubs;2008;518
Pelota;Nº de clubs;2007;579
Pelota;Nº medio de licencias;2024;30,9
Pelota;Nº medio de licencias;2023;30,5
Pelota;Nº medio de licencias;2022;21,9
Pelota;Nº medio de licencias;2021;26,9
Pelota;Nº medio de licencias;2020;20,0
Pelota;Nº medio de licencias;2019;22,6
Pelota;Nº medio de licencias;2018;25,3
Pelota;Nº medio de licencias;2017;25,7
Pelota;Nº medio de licencias;2016;24,1
Pelota;Nº medio de licencias;2015;22,6
Pelota;Nº medio de licencias;2014;22,3
Pelota;Nº medio de licencias;2013;27,4
Pelota;Nº medio de licencias;2012;24,9
Pelota;Nº medio de licencias;2011;30,7
Pelota;Nº medio de licencias;2010;34,3
Pelota;Nº medio de licencias;2009;36,4
Pelota;Nº medio de licencias;2008;36,2
Pelota;Nº medio de licencias;2007;37,1
Pentatlón Moderno;Nº de clubs;2024;31
Pentatlón Moderno;Nº de clubs;2023;28
Pentatlón Moderno;Nº de clubs;2022;22
Pentatlón Moderno;Nº de clubs;2021;20
Pentatlón Moderno;Nº de clubs;2020;20
Pentatlón Moderno;Nº de clubs;2019;21
Pentatlón Moderno;Nº de clubs;2018;18
Pentatlón Moderno;Nº de clubs;2017;18
Pentatlón Moderno;Nº de clubs;2016;18
Pentatlón Moderno;Nº de clubs;2015;17
Pentatlón Moderno;Nº de clubs;2014;18
Pentatlón Moderno;Nº de clubs;2013;15
Pentatlón Moderno;Nº de clubs;2012;16
Pentatlón Moderno;Nº de clubs;2011;14
Pentatlón Moderno;Nº de clubs;2010;13
Pentatlón Moderno;Nº de clubs;2009;16
Pentatlón Moderno;Nº de clubs;2008;17
Pentatlón Moderno;Nº de clubs;2007;17
Pentatlón Moderno;Nº medio de licencias;2024;19,2
Pentatlón Moderno;Nº medio de licencias;2023;19,8
Pentatlón Moderno;Nº medio de licencias;2022;19,7
Pentatlón Moderno;Nº medio de licencias;2021;20,4
Pentatlón Moderno;Nº medio de licencias;2020;22,1
Pentatlón Moderno;Nº medio de licencias;2019;24,7
Pentatlón Moderno;Nº medio de licencias;2018;29,9
Pentatlón Moderno;Nº medio de licencias;2017;28,3
Pentatlón Moderno;Nº medio de licencias;2016;24,8
Pentatlón Moderno;Nº medio de licencias;2015;23,6
Pentatlón Moderno;Nº medio de licencias;2014;18,7
Pentatlón Moderno;Nº medio de licencias;2013;10,9
Pentatlón Moderno;Nº medio de licencias;2012;13,3
Pentatlón Moderno;Nº medio de licencias;2011;21,6
Pentatlón Moderno;Nº medio de licencias;2010;15,0
Pentatlón Moderno;Nº medio de licencias;2009;22,8
Pentatlón Moderno;Nº medio de licencias;2008;23,0
Pentatlón Moderno;Nº medio de licencias;2007;17,1
Pesca y Casting;Nº de clubs;2024;1.231
Pesca y Casting;Nº de clubs;2023;1.224
Pesca y Casting;Nº de clubs;2022;1.251
Pesca y Casting;Nº de clubs;2021;1.243
Pesca y Casting;Nº de clubs;2020;1.251
Pesca y Casting;Nº de clubs;2019;1.279
Pesca y Casting;Nº de clubs;2018;1.253
Pesca y Casting;Nº de clubs;2017;1.329
Pesca y Casting;Nº de clubs;2016;1.369
Pesca y Casting;Nº de clubs;2015;1.341
Pesca y Casting;Nº de clubs;2014;1.311
Pesca y Casting;Nº de clubs;2013;1.354
Pesca y Casting;Nº de clubs;2012;1.721
Pesca y Casting;Nº de clubs;2011;1.486
Pesca y Casting;Nº de clubs;2010;1.767
Pesca y Casting;Nº de clubs;2009;1.715
Pesca y Casting;Nº de clubs;2008;1.729
Pesca y Casting;Nº de clubs;2007;1.740
Pesca y Casting;Nº medio de licencias;2024;43,4
Pesca y Casting;Nº medio de licencias;2023;42,4
Pesca y Casting;Nº medio de licencias;2022;42,8
Pesca y Casting;Nº medio de licencias;2021;45,3
Pesca y Casting;Nº medio de licencias;2020;41,3
Pesca y Casting;Nº medio de licencias;2019;41,7
Pesca y Casting;Nº medio de licencias;2018;41,8
Pesca y Casting;Nº medio de licencias;2017;39,5
Pesca y Casting;Nº medio de licencias;2016;40,2
Pesca y Casting;Nº medio de licencias;2015;41,2
Pesca y Casting;Nº medio de licencias;2014;42,0
Pesca y Casting;Nº medio de licencias;2013;42,0
Pesca y Casting;Nº medio de licencias;2012;35,6
Pesca y Casting;Nº medio de licencias;2011;45,9
Pesca y Casting;Nº medio de licencias;2010;42,2
Pesca y Casting;Nº medio de licencias;2009;47,8
Pesca y Casting;Nº medio de licencias;2008;47,0
Pesca y Casting;Nº medio de licencias;2007;45,9
Petanca;Nº de clubs;2024;550
Petanca;Nº de clubs;2023;582
Petanca;Nº de clubs;2022;574
Petanca;Nº de clubs;2021;599
Petanca;Nº de clubs;2020;591
Petanca;Nº de clubs;2019;673
Petanca;Nº de clubs;2018;636
Petanca;Nº de clubs;2017;715
Petanca;Nº de clubs;2016;685
Petanca;Nº de clubs;2015;1.014
Petanca;Nº de clubs;2014;920
Petanca;Nº de clubs;2013;950
Petanca;Nº de clubs;2012;954
Petanca;Nº de clubs;2011;1.109
Petanca;Nº de clubs;2010;1.134
Petanca;Nº de clubs;2009;1.135
Petanca;Nº de clubs;2008;1.166
Petanca;Nº de clubs;2007;1.255
Petanca;Nº medio de licencias;2024;33,9
Petanca;Nº medio de licencias;2023;33,5
Petanca;Nº medio de licencias;2022;30,8
Petanca;Nº medio de licencias;2021;29,5
Petanca;Nº medio de licencias;2020;30,4
Petanca;Nº medio de licencias;2019;26,6
Petanca;Nº medio de licencias;2018;30,5
Petanca;Nº medio de licencias;2017;26,2
Petanca;Nº medio de licencias;2016;28,6
Petanca;Nº medio de licencias;2015;21,7
Petanca;Nº medio de licencias;2014;23,3
Petanca;Nº medio de licencias;2013;24,4
Petanca;Nº medio de licencias;2012;26,2
Petanca;Nº medio de licencias;2011;24,5
Petanca;Nº medio de licencias;2010;24,2
Petanca;Nº medio de licencias;2009;24,9
Petanca;Nº medio de licencias;2008;26,0
Petanca;Nº medio de licencias;2007;24,9
Piragüismo;Nº de clubs;2024;320
Piragüismo;Nº de clubs;2023;319
Piragüismo;Nº de clubs;2022;329
Piragüismo;Nº de clubs;2021;312
Piragüismo;Nº de clubs;2020;316
Piragüismo;Nº de clubs;2019;318
Piragüismo;Nº de clubs;2018;298
Piragüismo;Nº de clubs;2017;295
Piragüismo;Nº de clubs;2016;316
Piragüismo;Nº de clubs;2015;293
Piragüismo;Nº de clubs;2014;270
Piragüismo;Nº de clubs;2013;287
Piragüismo;Nº de clubs;2012;315
Piragüismo;Nº de clubs;2011;321
Piragüismo;Nº de clubs;2010;320
Piragüismo;Nº de clubs;2009;309
Piragüismo;Nº de clubs;2008;406
Piragüismo;Nº de clubs;2007;411
Piragüismo;Nº medio de licencias;2024;29,9
Piragüismo;Nº medio de licencias;2023;30,4
Piragüismo;Nº medio de licencias;2022;30,8
Piragüismo;Nº medio de licencias;2021;56,2
Piragüismo;Nº medio de licencias;2020;41,8
Piragüismo;Nº medio de licencias;2019;31,2
Piragüismo;Nº medio de licencias;2018;34,1
Piragüismo;Nº medio de licencias;2017;33,9
Piragüismo;Nº medio de licencias;2016;31,1
Piragüismo;Nº medio de licencias;2015;32,8
Piragüismo;Nº medio de licencias;2014;26,8
Piragüismo;Nº medio de licencias;2013;22,3
Piragüismo;Nº medio de licencias;2012;21,4
Piragüismo;Nº medio de licencias;2011;47,2
Piragüismo;Nº medio de licencias;2010;64,7
Piragüismo;Nº medio de licencias;2009;113,0
Piragüismo;Nº medio de licencias;2008;118,8
Piragüismo;Nº medio de licencias;2007;164,0
Polo;Nº de clubs;2024;22
Polo;Nº de clubs;2023;23
Polo;Nº de clubs;2022;23
Polo;Nº de clubs;2021;23
Polo;Nº de clubs;2020;23
Polo;Nº de clubs;2019;22
Polo;Nº de clubs;2018;22
Polo;Nº de clubs;2017;22
Polo;Nº de clubs;2016;18
Polo;Nº de clubs;2015;24
Polo;Nº de clubs;2014;26
Polo;Nº de clubs;2013;29
Polo;Nº de clubs;2012;28
Polo;Nº de clubs;2011;22
Polo;Nº de clubs;2010;23
Polo;Nº de clubs;2009;24
Polo;Nº de clubs;2008;26
Polo;Nº de clubs;2007;26
Polo;Nº medio de licencias;2024;55,0
Polo;Nº medio de licencias;2023;55,5
Polo;Nº medio de licencias;2022;48,9
Polo;Nº medio de licencias;2021;43,3
Polo;Nº medio de licencias;2020;24,7
Polo;Nº medio de licencias;2019;35,1
Polo;Nº medio de licencias;2018;38,8
Polo;Nº medio de licencias;2017;35,6
Polo;Nº medio de licencias;2016;44,6
Polo;Nº medio de licencias;2015;29,0
Polo;Nº medio de licencias;2014;24,3
Polo;Nº medio de licencias;2013;19,0
Polo;Nº medio de licencias;2012;19,2
Polo;Nº medio de licencias;2011;24,2
Polo;Nº medio de licencias;2010;23,3
Polo;Nº medio de licencias;2009;22,2
Polo;Nº medio de licencias;2008;22,8
Polo;Nº medio de licencias;2007;25,2
Remo;Nº de clubs;2024;226
Remo;Nº de clubs;2023;222
Remo;Nº de clubs;2022;219
Remo;Nº de clubs;2021;206
Remo;Nº de clubs;2020;236
Remo;Nº de clubs;2019;223
Remo;Nº de clubs;2018;164
Remo;Nº de clubs;2017;190
Remo;Nº de clubs;2016;133
Remo;Nº de clubs;2015;128
Remo;Nº de clubs;2014;218
Remo;Nº de clubs;2013;122
Remo;Nº de clubs;2012;141
Remo;Nº de clubs;2011;140
Remo;Nº de clubs;2010;128
Remo;Nº de clubs;2009;135
Remo;Nº de clubs;2008;156
Remo;Nº de clubs;2007;171
Remo;Nº medio de licencias;2024;65,4
Remo;Nº medio de licencias;2023;68,0
Remo;Nº medio de licencias;2022;69,7
Remo;Nº medio de licencias;2021;71,3
Remo;Nº medio de licencias;2020;54,0
Remo;Nº medio de licencias;2019;58,0
Remo;Nº medio de licencias;2018;65,2
Remo;Nº medio de licencias;2017;60,7
Remo;Nº medio de licencias;2016;86,9
Remo;Nº medio de licencias;2015;97,9
Remo;Nº medio de licencias;2014;70,7
Remo;Nº medio de licencias;2013;86,5
Remo;Nº medio de licencias;2012;60,4
Remo;Nº medio de licencias;2011;94,8
Remo;Nº medio de licencias;2010;65,9
Remo;Nº medio de licencias;2009;61,9
Remo;Nº medio de licencias;2008;60,4
Remo;Nº medio de licencias;2007;51,3
Rugby;Nº de clubs;2024;348
Rugby;Nº de clubs;2023;347
Rugby;Nº de clubs;2022;339
Rugby;Nº de clubs;2021;337
Rugby;Nº de clubs;2020;296
Rugby;Nº de clubs;2019;332
Rugby;Nº de clubs;2018;332
Rugby;Nº de clubs;2017;299
Rugby;Nº de clubs;2016;282
Rugby;Nº de clubs;2015;259
Rugby;Nº de clubs;2014;226
Rugby;Nº de clubs;2013;224
Rugby;Nº de clubs;2012;218
Rugby;Nº de clubs;2011;214
Rugby;Nº de clubs;2010;211
Rugby;Nº de clubs;2009;312
Rugby;Nº de clubs;2008;210
Rugby;Nº de clubs;2007;209
Rugby;Nº medio de licencias;2024;111,6
Rugby;Nº medio de licencias;2023;112,7
Rugby;Nº medio de licencias;2022;113,5
Rugby;Nº medio de licencias;2021;95,9
Rugby;Nº medio de licencias;2020;127,5
Rugby;Nº medio de licencias;2019;113,8
Rugby;Nº medio de licencias;2018;107,5
Rugby;Nº medio de licencias;2017;114,5
Rugby;Nº medio de licencias;2016;112,4
Rugby;Nº medio de licencias;2015;110,0
Rugby;Nº medio de licencias;2014;114,6
Rugby;Nº medio de licencias;2013;106,1
Rugby;Nº medio de licencias;2012;114,0
Rugby;Nº medio de licencias;2011;104,4
Rugby;Nº medio de licencias;2010;99,4
Rugby;Nº medio de licencias;2009;63,4
Rugby;Nº medio de licencias;2008;92,6
Rugby;Nº medio de licencias;2007;83,0
Salvamento y Socorrismo;Nº de clubs;2024;90
Salvamento y Socorrismo;Nº de clubs;2023;90
Salvamento y Socorrismo;Nº de clubs;2022;90
Salvamento y Socorrismo;Nº de clubs;2021;83
Salvamento y Socorrismo;Nº de clubs;2020;94
Salvamento y Socorrismo;Nº de clubs;2019;99
Salvamento y Socorrismo;Nº de clubs;2018;87
Salvamento y Socorrismo;Nº de clubs;2017;75
Salvamento y Socorrismo;Nº de clubs;2016;88
Salvamento y Socorrismo;Nº de clubs;2015;77
Salvamento y Socorrismo;Nº de clubs;2014;74
Salvamento y Socorrismo;Nº de clubs;2013;63
Salvamento y Socorrismo;Nº de clubs;2012;74
Salvamento y Socorrismo;Nº de clubs;2011;73
Salvamento y Socorrismo;Nº de clubs;2010;60
Salvamento y Socorrismo;Nº de clubs;2009;56
Salvamento y Socorrismo;Nº de clubs;2008;86
Salvamento y Socorrismo;Nº de clubs;2007;89
Salvamento y Socorrismo;Nº medio de licencias;2024;177,3
Salvamento y Socorrismo;Nº medio de licencias;2023;140,1
Salvamento y Socorrismo;Nº medio de licencias;2022;130,0
Salvamento y Socorrismo;Nº medio de licencias;2021;132,3
Salvamento y Socorrismo;Nº medio de licencias;2020;168,5
Salvamento y Socorrismo;Nº medio de licencias;2019;192,2
Salvamento y Socorrismo;Nº medio de licencias;2018;158,7
Salvamento y Socorrismo;Nº medio de licencias;2017;144,5
Salvamento y Socorrismo;Nº medio de licencias;2016;120,5
Salvamento y Socorrismo;Nº medio de licencias;2015;138,4
Salvamento y Socorrismo;Nº medio de licencias;2014;137,6
Salvamento y Socorrismo;Nº medio de licencias;2013;168,9
Salvamento y Socorrismo;Nº medio de licencias;2012;156,8
Salvamento y Socorrismo;Nº medio de licencias;2011;196,9
Salvamento y Socorrismo;Nº medio de licencias;2010;245,2
Salvamento y Socorrismo;Nº medio de licencias;2009;241,4
Salvamento y Socorrismo;Nº medio de licencias;2008;118,8
Salvamento y Socorrismo;Nº medio de licencias;2007;131,7
Squash;Nº de clubs;2024;84
Squash;Nº de clubs;2023;86
Squash;Nº de clubs;2022;83
Squash;Nº de clubs;2021;81
Squash;Nº de clubs;2020;88
Squash;Nº de clubs;2019;79
Squash;Nº de clubs;2018;92
Squash;Nº de clubs;2017;70
Squash;Nº de clubs;2016;39
Squash;Nº de clubs;2015;75
Squash;Nº de clubs;2014;58
Squash;Nº de clubs;2013;79
Squash;Nº de clubs;2012;72
Squash;Nº de clubs;2011;163
Squash;Nº de clubs;2010;113
Squash;Nº de clubs;2009;69
Squash;Nº de clubs;2008;65
Squash;Nº de clubs;2007;50
Squash;Nº medio de licencias;2024;27,0
Squash;Nº medio de licencias;2023;24,1
Squash;Nº medio de licencias;2022;23,8
Squash;Nº medio de licencias;2021;21,3
Squash;Nº medio de licencias;2020;20,1
Squash;Nº medio de licencias;2019;25,4
Squash;Nº medio de licencias;2018;22,9
Squash;Nº medio de licencias;2017;25,8
Squash;Nº medio de licencias;2016;31,1
Squash;Nº medio de licencias;2015;22,1
Squash;Nº medio de licencias;2014;30,1
Squash;Nº medio de licencias;2013;24,3
Squash;Nº medio de licencias;2012;24,4
Squash;Nº medio de licencias;2011;16,4
Squash;Nº medio de licencias;2010;21,1
Squash;Nº medio de licencias;2009;28,3
Squash;Nº medio de licencias;2008;26,0
Squash;Nº medio de licencias;2007;30,6
Surfing;Nº de clubs;2024;290
Surfing;Nº de clubs;2023;208
Surfing;Nº de clubs;2022;203
Surfing;Nº de clubs;2021;193
Surfing;Nº de clubs;2020;180
Surfing;Nº de clubs;2019;180
Surfing;Nº de clubs;2018;179
Surfing;Nº de clubs;2017;174
Surfing;Nº de clubs;2016;164
Surfing;Nº de clubs;2015;155
Surfing;Nº de clubs;2014;150
Surfing;Nº de clubs;2013;145
Surfing;Nº de clubs;2012;140
Surfing;Nº de clubs;2011;132
Surfing;Nº de clubs;2010;127
Surfing;Nº de clubs;2009;124
Surfing;Nº de clubs;2008;123
Surfing;Nº de clubs;2007;120
Surfing;Nº medio de licencias;2024;20,9
Surfing;Nº medio de licencias;2023;362,3
Surfing;Nº medio de licencias;2022;369,8
Surfing;Nº medio de licencias;2021;354,9
Surfing;Nº medio de licencias;2020;315,7
Surfing;Nº medio de licencias;2019;267,7
Surfing;Nº medio de licencias;2018;247,4
Surfing;Nº medio de licencias;2017;221,4
Surfing;Nº medio de licencias;2016;186,3
Surfing;Nº medio de licencias;2015;178,2
Surfing;Nº medio de licencias;2014;170,9
Surfing;Nº medio de licencias;2013;160,3
Surfing;Nº medio de licencias;2012;164,9
Surfing;Nº medio de licencias;2011;106,1
Surfing;Nº medio de licencias;2010;51,8
Surfing;Nº medio de licencias;2009;44,1
Surfing;Nº medio de licencias;2008;37,4
Surfing;Nº medio de licencias;2007;35,5
Taekwondo;Nº de clubs;2024;816
Taekwondo;Nº de clubs;2023;833
Taekwondo;Nº de clubs;2022;761
Taekwondo;Nº de clubs;2021;723
Taekwondo;Nº de clubs;2020;747
Taekwondo;Nº de clubs;2019;783
Taekwondo;Nº de clubs;2018;766
Taekwondo;Nº de clubs;2017;763
Taekwondo;Nº de clubs;2016;747
Taekwondo;Nº de clubs;2015;656
Taekwondo;Nº de clubs;2014;710
Taekwondo;Nº de clubs;2013;627
Taekwondo;Nº de clubs;2012;698
Taekwondo;Nº de clubs;2011;698
Taekwondo;Nº de clubs;2010;679
Taekwondo;Nº de clubs;2009;669
Taekwondo;Nº de clubs;2008;730
Taekwondo;Nº de clubs;2007;698
Taekwondo;Nº medio de licencias;2024;64,3
Taekwondo;Nº medio de licencias;2023;63,4
Taekwondo;Nº medio de licencias;2022;61,7
Taekwondo;Nº medio de licencias;2021;51,2
Taekwondo;Nº medio de licencias;2020;47,1
Taekwondo;Nº medio de licencias;2019;56,5
Taekwondo;Nº medio de licencias;2018;57,1
Taekwondo;Nº medio de licencias;2017;56,4
Taekwondo;Nº medio de licencias;2016;56,7
Taekwondo;Nº medio de licencias;2015;59,3
Taekwondo;Nº medio de licencias;2014;54,8
Taekwondo;Nº medio de licencias;2013;54,7
Taekwondo;Nº medio de licencias;2012;46,2
Taekwondo;Nº medio de licencias;2011;58,6
Taekwondo;Nº medio de licencias;2010;58,3
Taekwondo;Nº medio de licencias;2009;55,1
Taekwondo;Nº medio de licencias;2008;54,0
Taekwondo;Nº medio de licencias;2007;56,1
Tenis;Nº de clubs;2024;1.176
Tenis;Nº de clubs;2023;1.155
Tenis;Nº de clubs;2022;1.158
Tenis;Nº de clubs;2021;1.146
Tenis;Nº de clubs;2020;1.128
Tenis;Nº de clubs;2019;1.121
Tenis;Nº de clubs;2018;1.190
Tenis;Nº de clubs;2017;1.179
Tenis;Nº de clubs;2016;1.230
Tenis;Nº de clubs;2015;1.287
Tenis;Nº de clubs;2014;1.278
Tenis;Nº de clubs;2013;1.252
Tenis;Nº de clubs;2012;1.244
Tenis;Nº de clubs;2011;1.226
Tenis;Nº de clubs;2010;1.200
Tenis;Nº de clubs;2009;1.178
Tenis;Nº de clubs;2008;1.152
Tenis;Nº de clubs;2007;1.131
Tenis;Nº medio de licencias;2024;82,0
Tenis;Nº medio de licencias;2023;78,8
Tenis;Nº medio de licencias;2022;72,1
Tenis;Nº medio de licencias;2021;70,1
Tenis;Nº medio de licencias;2020;62,2
Tenis;Nº medio de licencias;2019;63,4
Tenis;Nº medio de licencias;2018;65,6
Tenis;Nº medio de licencias;2017;66,0
Tenis;Nº medio de licencias;2016;65,2
Tenis;Nº medio de licencias;2015;63,4
Tenis;Nº medio de licencias;2014;67,0
Tenis;Nº medio de licencias;2013;71,7
Tenis;Nº medio de licencias;2012;83,5
Tenis;Nº medio de licencias;2011;89,2
Tenis;Nº medio de licencias;2010;91,8
Tenis;Nº medio de licencias;2009;93,4
Tenis;Nº medio de licencias;2008;95,0
Tenis;Nº medio de licencias;2007;95,4
Tenis de Mesa;Nº de clubs;2024;519
Tenis de Mesa;Nº de clubs;2023;490
Tenis de Mesa;Nº de clubs;2022;497
Tenis de Mesa;Nº de clubs;2021;499
Tenis de Mesa;Nº de clubs;2020;476
Tenis de Mesa;Nº de clubs;2019;514
Tenis de Mesa;Nº de clubs;2018;496
Tenis de Mesa;Nº de clubs;2017;481
Tenis de Mesa;Nº de clubs;2016;455
Tenis de Mesa;Nº de clubs;2015;472
Tenis de Mesa;Nº de clubs;2014;502
Tenis de Mesa;Nº de clubs;2013;515
Tenis de Mesa;Nº de clubs;2012;510
Tenis de Mesa;Nº de clubs;2011;515
Tenis de Mesa;Nº de clubs;2010;488
Tenis de Mesa;Nº de clubs;2009;488
Tenis de Mesa;Nº de clubs;2008;601
Tenis de Mesa;Nº de clubs;2007;589
Tenis de Mesa;Nº medio de licencias;2024;37,3
Tenis de Mesa;Nº medio de licencias;2023;36,2
Tenis de Mesa;Nº medio de licencias;2022;31,9
Tenis de Mesa;Nº medio de licencias;2021;30,0
Tenis de Mesa;Nº medio de licencias;2020;21,1
Tenis de Mesa;Nº medio de licencias;2019;24,5
Tenis de Mesa;Nº medio de licencias;2018;22,7
Tenis de Mesa;Nº medio de licencias;2017;23,7
Tenis de Mesa;Nº medio de licencias;2016;19,0
Tenis de Mesa;Nº medio de licencias;2015;21,1
Tenis de Mesa;Nº medio de licencias;2014;20,8
Tenis de Mesa;Nº medio de licencias;2013;19,6
Tenis de Mesa;Nº medio de licencias;2012;19,7
Tenis de Mesa;Nº medio de licencias;2011;21,0
Tenis de Mesa;Nº medio de licencias;2010;21,4
Tenis de Mesa;Nº medio de licencias;2009;21,2
Tenis de Mesa;Nº medio de licencias;2008;11,9
Tenis de Mesa;Nº medio de licencias;2007;9,3
Tiro a Vuelo;Nº de clubs;2024;36
Tiro a Vuelo;Nº de clubs;2023;36
Tiro a Vuelo;Nº de clubs;2022;36
Tiro a Vuelo;Nº de clubs;2021;36
Tiro a Vuelo;Nº de clubs;2020;36
Tiro a Vuelo;Nº de clubs;2019;38
Tiro a Vuelo;Nº de clubs;2018;38
Tiro a Vuelo;Nº de clubs;2017;40
Tiro a Vuelo;Nº de clubs;2016;38
Tiro a Vuelo;Nº de clubs;2015;38
Tiro a Vuelo;Nº de clubs;2014;38
Tiro a Vuelo;Nº de clubs;2013;38
Tiro a Vuelo;Nº de clubs;2012;38
Tiro a Vuelo;Nº de clubs;2011;36
Tiro a Vuelo;Nº de clubs;2010;37
Tiro a Vuelo;Nº de clubs;2009;37
Tiro a Vuelo;Nº de clubs;2008;38
Tiro a Vuelo;Nº de clubs;2007;38
Tiro a Vuelo;Nº medio de licencias;2024;54,3
Tiro a Vuelo;Nº medio de licencias;2023;52,1
Tiro a Vuelo;Nº medio de licencias;2022;51,1
Tiro a Vuelo;Nº medio de licencias;2021;52,7
Tiro a Vuelo;Nº medio de licencias;2020;52,3
Tiro a Vuelo;Nº medio de licencias;2019;51,9
Tiro a Vuelo;Nº medio de licencias;2018;51,2
Tiro a Vuelo;Nº medio de licencias;2017;45,2
Tiro a Vuelo;Nº medio de licencias;2016;47,2
Tiro a Vuelo;Nº medio de licencias;2015;46,8
Tiro a Vuelo;Nº medio de licencias;2014;43,9
Tiro a Vuelo;Nº medio de licencias;2013;48,1
Tiro a Vuelo;Nº medio de licencias;2012;54,1
Tiro a Vuelo;Nº medio de licencias;2011;65,9
Tiro a Vuelo;Nº medio de licencias;2010;66,5
Tiro a Vuelo;Nº medio de licencias;2009;65,5
Tiro a Vuelo;Nº medio de licencias;2008;65,5
Tiro a Vuelo;Nº medio de licencias;2007;66,9
Tiro con Arco;Nº de clubs;2024;513
Tiro con Arco;Nº de clubs;2023;498
Tiro con Arco;Nº de clubs;2022;494
Tiro con Arco;Nº de clubs;2021;483
Tiro con Arco;Nº de clubs;2020;493
Tiro con Arco;Nº de clubs;2019;492
Tiro con Arco;Nº de clubs;2018;449
Tiro con Arco;Nº de clubs;2017;436
Tiro con Arco;Nº de clubs;2016;435
Tiro con Arco;Nº de clubs;2015;397
Tiro con Arco;Nº de clubs;2014;385
Tiro con Arco;Nº de clubs;2013;381
Tiro con Arco;Nº de clubs;2012;377
Tiro con Arco;Nº de clubs;2011;392
Tiro con Arco;Nº de clubs;2010;381
Tiro con Arco;Nº de clubs;2009;365
Tiro con Arco;Nº de clubs;2008;333
Tiro con Arco;Nº de clubs;2007;303
Tiro con Arco;Nº medio de licencias;2024;41,1
Tiro con Arco;Nº medio de licencias;2023;40,7
Tiro con Arco;Nº medio de licencias;2022;41,2
Tiro con Arco;Nº medio de licencias;2021;36,8
Tiro con Arco;Nº medio de licencias;2020;37,0
Tiro con Arco;Nº medio de licencias;2019;36,2
Tiro con Arco;Nº medio de licencias;2018;39,2
Tiro con Arco;Nº medio de licencias;2017;42,5
Tiro con Arco;Nº medio de licencias;2016;40,4
Tiro con Arco;Nº medio de licencias;2015;23,2
Tiro con Arco;Nº medio de licencias;2014;19,5
Tiro con Arco;Nº medio de licencias;2013;19,3
Tiro con Arco;Nº medio de licencias;2012;17,7
Tiro con Arco;Nº medio de licencias;2011;27,0
Tiro con Arco;Nº medio de licencias;2010;29,6
Tiro con Arco;Nº medio de licencias;2009;31,1
Tiro con Arco;Nº medio de licencias;2008;32,5
Tiro con Arco;Nº medio de licencias;2007;28,0
Tiro Olímpico;Nº de clubs;2024;468
Tiro Olímpico;Nº de clubs;2023;472
Tiro Olímpico;Nº de clubs;2022;474
Tiro Olímpico;Nº de clubs;2021;476
Tiro Olímpico;Nº de clubs;2020;511
Tiro Olímpico;Nº de clubs;2019;458
Tiro Olímpico;Nº de clubs;2018;424
Tiro Olímpico;Nº de clubs;2017;732
Tiro Olímpico;Nº de clubs;2016;732
Tiro Olímpico;Nº de clubs;2015;709
Tiro Olímpico;Nº de clubs;2014;730
Tiro Olímpico;Nº de clubs;2013;712
Tiro Olímpico;Nº de clubs;2012;760
Tiro Olímpico;Nº de clubs;2011;702
Tiro Olímpico;Nº de clubs;2010;814
Tiro Olímpico;Nº de clubs;2009;743
Tiro Olímpico;Nº de clubs;2008;778
Tiro Olímpico;Nº de clubs;2007;884
Tiro Olímpico;Nº medio de licencias;2024;117,6
Tiro Olímpico;Nº medio de licencias;2023;107,3
Tiro Olímpico;Nº medio de licencias;2022;104,3
Tiro Olímpico;Nº medio de licencias;2021;94,1
Tiro Olímpico;Nº medio de licencias;2020;85,0
Tiro Olímpico;Nº medio de licencias;2019;97,7
Tiro Olímpico;Nº medio de licencias;2018;115,4
Tiro Olímpico;Nº medio de licencias;2017;67,9
Tiro Olímpico;Nº medio de licencias;2016;69,3
Tiro Olímpico;Nº medio de licencias;2015;74,1
Tiro Olímpico;Nº medio de licencias;2014;74,3
Tiro Olímpico;Nº medio de licencias;2013;78,1
Tiro Olímpico;Nº medio de licencias;2012;77,7
Tiro Olímpico;Nº medio de licencias;2011;86,6
Tiro Olímpico;Nº medio de licencias;2010;78,3
Tiro Olímpico;Nº medio de licencias;2009;89,5
Tiro Olímpico;Nº medio de licencias;2008;84,8
Tiro Olímpico;Nº medio de licencias;2007;74,7
Triatlón;Nº de clubs;2024;870
Triatlón;Nº de clubs;2023;1.003
Triatlón;Nº de clubs;2022;1.080
Triatlón;Nº de clubs;2021;1.056
Triatlón;Nº de clubs;2020;1.126
Triatlón;Nº de clubs;2019;1.108
Triatlón;Nº de clubs;2018;1.128
Triatlón;Nº de clubs;2017;1.109
Triatlón;Nº de clubs;2016;1.038
Triatlón;Nº de clubs;2015;1.121
Triatlón;Nº de clubs;2014;866
Triatlón;Nº de clubs;2013;904
Triatlón;Nº de clubs;2012;770
Triatlón;Nº de clubs;2011;660
Triatlón;Nº de clubs;2010;588
Triatlón;Nº de clubs;2009;510
Triatlón;Nº de clubs;2008;454
Triatlón;Nº de clubs;2007;435
Triatlón;Nº medio de licencias;2024;28,1
Triatlón;Nº medio de licencias;2023;31,4
Triatlón;Nº medio de licencias;2022;31,7
Triatlón;Nº medio de licencias;2021;32,7
Triatlón;Nº medio de licencias;2020;28,7
Triatlón;Nº medio de licencias;2019;29,0
Triatlón;Nº medio de licencias;2018;28,1
Triatlón;Nº medio de licencias;2017;27,7
Triatlón;Nº medio de licencias;2016;26,7
Triatlón;Nº medio de licencias;2015;26,5
Triatlón;Nº medio de licencias;2014;23,0
Triatlón;Nº medio de licencias;2013;26,8
Triatlón;Nº medio de licencias;2012;27,4
Triatlón;Nº medio de licencias;2011;27,5
Triatlón;Nº medio de licencias;2010;27,1
Triatlón;Nº medio de licencias;2009;26,4
Triatlón;Nº medio de licencias;2008;26,4
Triatlón;Nº medio de licencias;2007;24,5
Vela;Nº de clubs;2024;144
Vela;Nº de clubs;2023;146
Vela;Nº de clubs;2022;152
Vela;Nº de clubs;2021;148
Vela;Nº de clubs;2020;127
Vela;Nº de clubs;2019;348
Vela;Nº de clubs;2018;342
Vela;Nº de clubs;2017;457
Vela;Nº de clubs;2016;451
Vela;Nº de clubs;2015;453
Vela;Nº de clubs;2014;452
Vela;Nº de clubs;2013;465
Vela;Nº de clubs;2012;498
Vela;Nº de clubs;2011;493
Vela;Nº de clubs;2010;513
Vela;Nº de clubs;2009;496
Vela;Nº de clubs;2008;458
Vela;Nº de clubs;2007;486
Vela;Nº medio de licencias;2024;135,9
Vela;Nº medio de licencias;2023;127,0
Vela;Nº medio de licencias;2022;121,2
Vela;Nº medio de licencias;2021;121,1
Vela;Nº medio de licencias;2020;137,8
Vela;Nº medio de licencias;2019;55,0
Vela;Nº medio de licencias;2018;119,2
Vela;Nº medio de licencias;2017;96,8
Vela;Nº medio de licencias;2016;93,1
Vela;Nº medio de licencias;2015;83,8
Vela;Nº medio de licencias;2014;77,6
Vela;Nº medio de licencias;2013;74,8
Vela;Nº medio de licencias;2012;105,8
Vela;Nº medio de licencias;2011;97,7
Vela;Nº medio de licencias;2010;84,9
Vela;Nº medio de licencias;2009;72,3
Vela;Nº medio de licencias;2008;78,4
Vela;Nº medio de licencias;2007;112,6
Voleibol;Nº de clubs;2024;774
Voleibol;Nº de clubs;2023;681
Voleibol;Nº de clubs;2022;588
Voleibol;Nº de clubs;2021;579
Voleibol;Nº de clubs;2020;614
Voleibol;Nº de clubs;2019;622
Voleibol;Nº de clubs;2018;561
Voleibol;Nº de clubs;2017;504
Voleibol;Nº de clubs;2016;463
Voleibol;Nº de clubs;2015;418
Voleibol;Nº de clubs;2014;442
Voleibol;Nº de clubs;2013;416
Voleibol;Nº de clubs;2012;432
Voleibol;Nº de clubs;2011;429
Voleibol;Nº de clubs;2010;386
Voleibol;Nº de clubs;2009;379
Voleibol;Nº de clubs;2008;397
Voleibol;Nº de clubs;2007;373
Voleibol;Nº medio de licencias;2024;157,2
Voleibol;Nº medio de licencias;2023;184,8
Voleibol;Nº medio de licencias;2022;162,3
Voleibol;Nº medio de licencias;2021;136,6
Voleibol;Nº medio de licencias;2020;148,6
Voleibol;Nº medio de licencias;2019;138,0
Voleibol;Nº medio de licencias;2018;150,9
Voleibol;Nº medio de licencias;2017;155,4
Voleibol;Nº medio de licencias;2016;156,0
Voleibol;Nº medio de licencias;2015;170,0
Voleibol;Nº medio de licencias;2014;139,3
Voleibol;Nº medio de licencias;2013;124,4
Voleibol;Nº medio de licencias;2012;129,4
Voleibol;Nº medio de licencias;2011;137,4
Voleibol;Nº medio de licencias;2010;147,3
Voleibol;Nº medio de licencias;2009;156,2
Voleibol;Nº medio de licencias;2008;146,7
Voleibol;Nº medio de licencias;2007;143,2
